client_id	path	sentence	up_votes	down_votes	age	gender	accent	locale	segment
ed04f2351d36c1612157c3ac700ab6e00bab5bf46e455c6bf4a496cdc90191c266486ffa4154ef1bd4a0f46f18024ed09175d919bd4d04009c8445323497e197	common_voice_hy-AM_26059289.mp3	Շինարարների անուններն անհայտ են։	2	0				hy-AM	
ed04f2351d36c1612157c3ac700ab6e00bab5bf46e455c6bf4a496cdc90191c266486ffa4154ef1bd4a0f46f18024ed09175d919bd4d04009c8445323497e197	common_voice_hy-AM_26059291.mp3	Օգտագործվում է միսը և մորթին։	2	0				hy-AM	
ed04f2351d36c1612157c3ac700ab6e00bab5bf46e455c6bf4a496cdc90191c266486ffa4154ef1bd4a0f46f18024ed09175d919bd4d04009c8445323497e197	common_voice_hy-AM_26059294.mp3	Հայաստանում տարածված են սովորական և անապատային խածկտիկները։	2	0				hy-AM	
ed04f2351d36c1612157c3ac700ab6e00bab5bf46e455c6bf4a496cdc90191c266486ffa4154ef1bd4a0f46f18024ed09175d919bd4d04009c8445323497e197	common_voice_hy-AM_26059296.mp3	Օլիմպիադայի ուղեգիր նվաճելու համար անհրաժեշտ էր խմբում զբաղեցնել առաջին տեղը։	2	0				hy-AM	
ed04f2351d36c1612157c3ac700ab6e00bab5bf46e455c6bf4a496cdc90191c266486ffa4154ef1bd4a0f46f18024ed09175d919bd4d04009c8445323497e197	common_voice_hy-AM_26059298.mp3	Էրբիումը միացություններ է ածխածնի, թթվածնի, ազոտի, ջրածնի ն այլ տարրերի հետ։	2	0				hy-AM	
ed04f2351d36c1612157c3ac700ab6e00bab5bf46e455c6bf4a496cdc90191c266486ffa4154ef1bd4a0f46f18024ed09175d919bd4d04009c8445323497e197	common_voice_hy-AM_26059355.mp3	Պիեսներ է թարգմանել լեհերենից, չեխերենից, գերմաներենից։	2	0				hy-AM	
ed04f2351d36c1612157c3ac700ab6e00bab5bf46e455c6bf4a496cdc90191c266486ffa4154ef1bd4a0f46f18024ed09175d919bd4d04009c8445323497e197	common_voice_hy-AM_26059356.mp3	Հենց այդտեղ էլ նրա աճյունը հուղարկավորել են։	2	0				hy-AM	
ed04f2351d36c1612157c3ac700ab6e00bab5bf46e455c6bf4a496cdc90191c266486ffa4154ef1bd4a0f46f18024ed09175d919bd4d04009c8445323497e197	common_voice_hy-AM_26059357.mp3	Հոր մահվան պատճառով հետագա ուսուցման պլանները հետաձգվել են։	2	0				hy-AM	
ed04f2351d36c1612157c3ac700ab6e00bab5bf46e455c6bf4a496cdc90191c266486ffa4154ef1bd4a0f46f18024ed09175d919bd4d04009c8445323497e197	common_voice_hy-AM_26059358.mp3	Հնդկացիական լեզուները հիմնականում բազմահամադրական կառուցվածք ունեն, կան քերականական դասեր, երաժշտական շեշտ։	2	0				hy-AM	
ed04f2351d36c1612157c3ac700ab6e00bab5bf46e455c6bf4a496cdc90191c266486ffa4154ef1bd4a0f46f18024ed09175d919bd4d04009c8445323497e197	common_voice_hy-AM_26059359.mp3	Խոշոր ազգային փոքրամասնություններն են լեզգիները, ռուսները, թալիշները, ավարները, թաթարները և վրացիները։	2	0				hy-AM	
ed04f2351d36c1612157c3ac700ab6e00bab5bf46e455c6bf4a496cdc90191c266486ffa4154ef1bd4a0f46f18024ed09175d919bd4d04009c8445323497e197	common_voice_hy-AM_26059390.mp3	Ընդհանուր ամփոփման թվի պատվերների և առաքման ամսաթիվը բերված է ստորև։	2	0				hy-AM	
ed04f2351d36c1612157c3ac700ab6e00bab5bf46e455c6bf4a496cdc90191c266486ffa4154ef1bd4a0f46f18024ed09175d919bd4d04009c8445323497e197	common_voice_hy-AM_26059392.mp3	Նրա ստեղծագործությունների հիմնական թեման մանկական կերպարներն են։	2	0				hy-AM	
ed04f2351d36c1612157c3ac700ab6e00bab5bf46e455c6bf4a496cdc90191c266486ffa4154ef1bd4a0f46f18024ed09175d919bd4d04009c8445323497e197	common_voice_hy-AM_26059394.mp3	Երրորդ օրը մեզ կկանգնեցնի, և մենք նրա առջև կապրենք։	2	0				hy-AM	
ed04f2351d36c1612157c3ac700ab6e00bab5bf46e455c6bf4a496cdc90191c266486ffa4154ef1bd4a0f46f18024ed09175d919bd4d04009c8445323497e197	common_voice_hy-AM_26059397.mp3	Բազմամյա փուխր ճիմ առաջացնող խոտաբույս է։	2	0				hy-AM	
ed04f2351d36c1612157c3ac700ab6e00bab5bf46e455c6bf4a496cdc90191c266486ffa4154ef1bd4a0f46f18024ed09175d919bd4d04009c8445323497e197	common_voice_hy-AM_26059399.mp3	Այս տանը հավաքվում էին ֆրանսիացի նկարիչներ, ովքեր աշխատում էին սյուրռեալիզմի ժանրում։	2	0				hy-AM	
ed04f2351d36c1612157c3ac700ab6e00bab5bf46e455c6bf4a496cdc90191c266486ffa4154ef1bd4a0f46f18024ed09175d919bd4d04009c8445323497e197	common_voice_hy-AM_26059415.mp3	Անշարժունակությունը գնալով պարուրում է նրա մարմը, մինչև հասնում է սրտին։	2	0				hy-AM	
ed04f2351d36c1612157c3ac700ab6e00bab5bf46e455c6bf4a496cdc90191c266486ffa4154ef1bd4a0f46f18024ed09175d919bd4d04009c8445323497e197	common_voice_hy-AM_26059416.mp3	Ամեն դեպքում այն իրենից ներկայացնում է երկու ուտեստ մեկում։	2	0				hy-AM	
ed04f2351d36c1612157c3ac700ab6e00bab5bf46e455c6bf4a496cdc90191c266486ffa4154ef1bd4a0f46f18024ed09175d919bd4d04009c8445323497e197	common_voice_hy-AM_26059417.mp3	Վերջինս նույն թվականին ստանում է նաև օլիմպիական խաղերի բրոնզե մեդալ։	2	0				hy-AM	
ed04f2351d36c1612157c3ac700ab6e00bab5bf46e455c6bf4a496cdc90191c266486ffa4154ef1bd4a0f46f18024ed09175d919bd4d04009c8445323497e197	common_voice_hy-AM_26059418.mp3	Երգչախմբի կատարման համար մշակել է լիտվական ազգային երգեր։	2	0				hy-AM	
ed04f2351d36c1612157c3ac700ab6e00bab5bf46e455c6bf4a496cdc90191c266486ffa4154ef1bd4a0f46f18024ed09175d919bd4d04009c8445323497e197	common_voice_hy-AM_26059419.mp3	Յովհաննէսը ընտանիքի երկրորդ երեխան էր, եւ ծնողներուն միակ որդին։	2	0				hy-AM	
ed04f2351d36c1612157c3ac700ab6e00bab5bf46e455c6bf4a496cdc90191c266486ffa4154ef1bd4a0f46f18024ed09175d919bd4d04009c8445323497e197	common_voice_hy-AM_26059435.mp3	Լինելով առաջնությունների լավագույն ռմբարկուն, նա ուշադրության արժանացավ եվրոպական ակումբների կողմից։	2	0				hy-AM	
ed04f2351d36c1612157c3ac700ab6e00bab5bf46e455c6bf4a496cdc90191c266486ffa4154ef1bd4a0f46f18024ed09175d919bd4d04009c8445323497e197	common_voice_hy-AM_26059436.mp3	Կարողանում է բարդ իրավիճակներում ճիշտ ճանապարհը գտնել։	2	1				hy-AM	
ed04f2351d36c1612157c3ac700ab6e00bab5bf46e455c6bf4a496cdc90191c266486ffa4154ef1bd4a0f46f18024ed09175d919bd4d04009c8445323497e197	common_voice_hy-AM_26059437.mp3	Նրանք բավականին լավ հաջողությունների հասան սկսնակ խմբի համար։	2	0				hy-AM	
ed04f2351d36c1612157c3ac700ab6e00bab5bf46e455c6bf4a496cdc90191c266486ffa4154ef1bd4a0f46f18024ed09175d919bd4d04009c8445323497e197	common_voice_hy-AM_26059438.mp3	Դիսնեյը սկսեց զարգացնել նաև ջրաներկերի և յուղային մատիտների հետ աշխատելու ունակությունը։	2	0				hy-AM	
ed04f2351d36c1612157c3ac700ab6e00bab5bf46e455c6bf4a496cdc90191c266486ffa4154ef1bd4a0f46f18024ed09175d919bd4d04009c8445323497e197	common_voice_hy-AM_26059439.mp3	Ռայլին նման համերգներ է տվել մի քանի տարի շարունակ։	2	0				hy-AM	
ed04f2351d36c1612157c3ac700ab6e00bab5bf46e455c6bf4a496cdc90191c266486ffa4154ef1bd4a0f46f18024ed09175d919bd4d04009c8445323497e197	common_voice_hy-AM_26059471.mp3	Նա իջնում է կոյուղի և հրաշքով է փրկվում գազի հանկարծակի արատանետումից։	2	0				hy-AM	
ed04f2351d36c1612157c3ac700ab6e00bab5bf46e455c6bf4a496cdc90191c266486ffa4154ef1bd4a0f46f18024ed09175d919bd4d04009c8445323497e197	common_voice_hy-AM_26059472.mp3	Պտուղը մուգ մանուշակագույն հատապտղաձև կորիզապտուղ է։	2	0				hy-AM	
ed04f2351d36c1612157c3ac700ab6e00bab5bf46e455c6bf4a496cdc90191c266486ffa4154ef1bd4a0f46f18024ed09175d919bd4d04009c8445323497e197	common_voice_hy-AM_26059473.mp3	Ֆլեշբեքները հերոսներին տանում են դեպի անցյալ։	2	0				hy-AM	
ed04f2351d36c1612157c3ac700ab6e00bab5bf46e455c6bf4a496cdc90191c266486ffa4154ef1bd4a0f46f18024ed09175d919bd4d04009c8445323497e197	common_voice_hy-AM_26059474.mp3	Ս. Գևորգ եկեղեցուն կից գործում էր դպրոց։	2	0				hy-AM	
ed04f2351d36c1612157c3ac700ab6e00bab5bf46e455c6bf4a496cdc90191c266486ffa4154ef1bd4a0f46f18024ed09175d919bd4d04009c8445323497e197	common_voice_hy-AM_26059475.mp3	Սկզբնական շենքի ճարտարապետն անհայտ է։	2	0				hy-AM	
ed04f2351d36c1612157c3ac700ab6e00bab5bf46e455c6bf4a496cdc90191c266486ffa4154ef1bd4a0f46f18024ed09175d919bd4d04009c8445323497e197	common_voice_hy-AM_26059521.mp3	Միջնադարում հայ հեղինակները բարբարոս անվանում էին ոչ հայերին՝ օտարներին։	2	0				hy-AM	
ed04f2351d36c1612157c3ac700ab6e00bab5bf46e455c6bf4a496cdc90191c266486ffa4154ef1bd4a0f46f18024ed09175d919bd4d04009c8445323497e197	common_voice_hy-AM_26059522.mp3	Վեպի վերջին մասում հերոսների ճակատագրերն անսպասելիորեն միահյուսվում են սարկաստիկ եղանակով։	2	0				hy-AM	
ed04f2351d36c1612157c3ac700ab6e00bab5bf46e455c6bf4a496cdc90191c266486ffa4154ef1bd4a0f46f18024ed09175d919bd4d04009c8445323497e197	common_voice_hy-AM_26059523.mp3	Կինը կիսահենված է նավակի եզրին։	2	0				hy-AM	
ed04f2351d36c1612157c3ac700ab6e00bab5bf46e455c6bf4a496cdc90191c266486ffa4154ef1bd4a0f46f18024ed09175d919bd4d04009c8445323497e197	common_voice_hy-AM_26059525.mp3	Հարավային ռազմաճակատում մարտնչել է նաև դենիկինցիների դեմ։	2	0				hy-AM	
ed04f2351d36c1612157c3ac700ab6e00bab5bf46e455c6bf4a496cdc90191c266486ffa4154ef1bd4a0f46f18024ed09175d919bd4d04009c8445323497e197	common_voice_hy-AM_26059526.mp3	Բայցի այդ, նա ուսուցանում էր նաև անգլերեն։	2	0				hy-AM	
ed04f2351d36c1612157c3ac700ab6e00bab5bf46e455c6bf4a496cdc90191c266486ffa4154ef1bd4a0f46f18024ed09175d919bd4d04009c8445323497e197	common_voice_hy-AM_26059554.mp3	Ագինինը մասամբ է անփոխարինելի, քանի որ օրգանիզմում սինթեզվում է անբավարար քանակությամբ։	2	0				hy-AM	
ed04f2351d36c1612157c3ac700ab6e00bab5bf46e455c6bf4a496cdc90191c266486ffa4154ef1bd4a0f46f18024ed09175d919bd4d04009c8445323497e197	common_voice_hy-AM_26059555.mp3	Այստեղից էլ օլիմպիական խաղերի մեջ մտցվեց մարաթոնյան վազքը։	2	0				hy-AM	
ed04f2351d36c1612157c3ac700ab6e00bab5bf46e455c6bf4a496cdc90191c266486ffa4154ef1bd4a0f46f18024ed09175d919bd4d04009c8445323497e197	common_voice_hy-AM_26059557.mp3	Թանգարանն ունի գրադարան։	2	0				hy-AM	
ed04f2351d36c1612157c3ac700ab6e00bab5bf46e455c6bf4a496cdc90191c266486ffa4154ef1bd4a0f46f18024ed09175d919bd4d04009c8445323497e197	common_voice_hy-AM_26059558.mp3	Վերջինիս կազմում դարձել է հանրապետության չեմպիոն։	2	0				hy-AM	
ed04f2351d36c1612157c3ac700ab6e00bab5bf46e455c6bf4a496cdc90191c266486ffa4154ef1bd4a0f46f18024ed09175d919bd4d04009c8445323497e197	common_voice_hy-AM_26059559.mp3	Մարմնի վերին մասը կանաչավուն շագանակագույն է։	2	0				hy-AM	
ed04f2351d36c1612157c3ac700ab6e00bab5bf46e455c6bf4a496cdc90191c266486ffa4154ef1bd4a0f46f18024ed09175d919bd4d04009c8445323497e197	common_voice_hy-AM_26059596.mp3	Ժողովրդավարության համար խոսքի ազատությունը հիմնարար է։	2	0				hy-AM	
ed04f2351d36c1612157c3ac700ab6e00bab5bf46e455c6bf4a496cdc90191c266486ffa4154ef1bd4a0f46f18024ed09175d919bd4d04009c8445323497e197	common_voice_hy-AM_26059597.mp3	Միաժամանակ մշակութային բնագավառում ևս տեղի ունեցավ առաջընթաց։	2	0				hy-AM	
ed04f2351d36c1612157c3ac700ab6e00bab5bf46e455c6bf4a496cdc90191c266486ffa4154ef1bd4a0f46f18024ed09175d919bd4d04009c8445323497e197	common_voice_hy-AM_26059599.mp3	Պետության նոր ղեկավարին չհաջողվեց հասնել տնտեսական իրավիճակի բարելավման։	3	0				hy-AM	
ed04f2351d36c1612157c3ac700ab6e00bab5bf46e455c6bf4a496cdc90191c266486ffa4154ef1bd4a0f46f18024ed09175d919bd4d04009c8445323497e197	common_voice_hy-AM_26059600.mp3	Մատերիան դիտվեց որպես գիտակցությունից անկախ գոյություն ունեցող ռեալություն։	2	0				hy-AM	
ed04f2351d36c1612157c3ac700ab6e00bab5bf46e455c6bf4a496cdc90191c266486ffa4154ef1bd4a0f46f18024ed09175d919bd4d04009c8445323497e197	common_voice_hy-AM_26059601.mp3	Ստացել է դոկտորի աստիճան բարձրագույն ֆիզիկայի և տիեզերաբանության բնագավառներում։	2	0				hy-AM	
ed04f2351d36c1612157c3ac700ab6e00bab5bf46e455c6bf4a496cdc90191c266486ffa4154ef1bd4a0f46f18024ed09175d919bd4d04009c8445323497e197	common_voice_hy-AM_26059663.mp3	Փակագծերում նշված է այդ պաշտոնում աշխատելու ժամանակը։	2	0				hy-AM	
ed04f2351d36c1612157c3ac700ab6e00bab5bf46e455c6bf4a496cdc90191c266486ffa4154ef1bd4a0f46f18024ed09175d919bd4d04009c8445323497e197	common_voice_hy-AM_26059664.mp3	Հին ամրոցի միայնակ սեփականատերը ուրվականի գնման հայտարարություն է տալիս։	2	0				hy-AM	
ed04f2351d36c1612157c3ac700ab6e00bab5bf46e455c6bf4a496cdc90191c266486ffa4154ef1bd4a0f46f18024ed09175d919bd4d04009c8445323497e197	common_voice_hy-AM_26059665.mp3	Ավազանն ամբողջապես անտառապատ է։	2	0				hy-AM	
ed04f2351d36c1612157c3ac700ab6e00bab5bf46e455c6bf4a496cdc90191c266486ffa4154ef1bd4a0f46f18024ed09175d919bd4d04009c8445323497e197	common_voice_hy-AM_26059666.mp3	Բայց նույնիսկ դա չի լինի արդար։	2	0				hy-AM	
ed04f2351d36c1612157c3ac700ab6e00bab5bf46e455c6bf4a496cdc90191c266486ffa4154ef1bd4a0f46f18024ed09175d919bd4d04009c8445323497e197	common_voice_hy-AM_26059667.mp3	Համբլինգը նկարիչ է, ինչպես նաև քանդակագործ։	2	0				hy-AM	
ed04f2351d36c1612157c3ac700ab6e00bab5bf46e455c6bf4a496cdc90191c266486ffa4154ef1bd4a0f46f18024ed09175d919bd4d04009c8445323497e197	common_voice_hy-AM_26059704.mp3	Օրագյանի ստեղծագործությունները ցուցադրվել են բազմաթիվ երկրներում։	3	0				hy-AM	
ed04f2351d36c1612157c3ac700ab6e00bab5bf46e455c6bf4a496cdc90191c266486ffa4154ef1bd4a0f46f18024ed09175d919bd4d04009c8445323497e197	common_voice_hy-AM_26059706.mp3	«Կուբիկ» մուլտիպլիկացիոն հեռուստապարբերականի ստեղծողներից մեկն է եղել։	2	0				hy-AM	
ed04f2351d36c1612157c3ac700ab6e00bab5bf46e455c6bf4a496cdc90191c266486ffa4154ef1bd4a0f46f18024ed09175d919bd4d04009c8445323497e197	common_voice_hy-AM_26059709.mp3	Հույն ողբերգակները մանրամասնորեն ուսումնասիրել են այս սյուժեն։	2	0				hy-AM	
ed04f2351d36c1612157c3ac700ab6e00bab5bf46e455c6bf4a496cdc90191c266486ffa4154ef1bd4a0f46f18024ed09175d919bd4d04009c8445323497e197	common_voice_hy-AM_26059711.mp3	Հուշարձանը պատրաստված է գրանիտից, քաշը մոտ քսան տոննա է։	2	0				hy-AM	
ed04f2351d36c1612157c3ac700ab6e00bab5bf46e455c6bf4a496cdc90191c266486ffa4154ef1bd4a0f46f18024ed09175d919bd4d04009c8445323497e197	common_voice_hy-AM_26059712.mp3	Անտառածածկ է, ունի հրաբխային ծագում։	2	0				hy-AM	
ed04f2351d36c1612157c3ac700ab6e00bab5bf46e455c6bf4a496cdc90191c266486ffa4154ef1bd4a0f46f18024ed09175d919bd4d04009c8445323497e197	common_voice_hy-AM_26059782.mp3	Այն նաև կոչվում է «թագավորների սպորտ»։	2	0				hy-AM	
ed04f2351d36c1612157c3ac700ab6e00bab5bf46e455c6bf4a496cdc90191c266486ffa4154ef1bd4a0f46f18024ed09175d919bd4d04009c8445323497e197	common_voice_hy-AM_26059783.mp3	Պաշտպանության հիմքն էին կազմում բաստիոնները (փոքրիկ ամրություններ)։	2	0				hy-AM	
ed04f2351d36c1612157c3ac700ab6e00bab5bf46e455c6bf4a496cdc90191c266486ffa4154ef1bd4a0f46f18024ed09175d919bd4d04009c8445323497e197	common_voice_hy-AM_26059784.mp3	Ծաղիկները մեկական են, խողովակազանգակաձև, երկնագույն, մանուշակագույն կամ կապույտ, հազվադեպ՝ դեղին։	2	0				hy-AM	
ed04f2351d36c1612157c3ac700ab6e00bab5bf46e455c6bf4a496cdc90191c266486ffa4154ef1bd4a0f46f18024ed09175d919bd4d04009c8445323497e197	common_voice_hy-AM_26059785.mp3	Գլխավորապես նա հայտնի է իր դիմանկարներով, մասնավորապես թագավորական ընտանիքի անդամներին պատկերող։	2	0				hy-AM	
ed04f2351d36c1612157c3ac700ab6e00bab5bf46e455c6bf4a496cdc90191c266486ffa4154ef1bd4a0f46f18024ed09175d919bd4d04009c8445323497e197	common_voice_hy-AM_26059786.mp3	Հանան հայտնի է իր գյուղատնտեսական արտադրողականությամբ, տարազներով և ավանդույթներով։	2	0				hy-AM	
ed04f2351d36c1612157c3ac700ab6e00bab5bf46e455c6bf4a496cdc90191c266486ffa4154ef1bd4a0f46f18024ed09175d919bd4d04009c8445323497e197	common_voice_hy-AM_26059852.mp3	Այս խնդիրների լուծումը պահանջում է լոգիստիկ համակարգերի պահպանման հիմնարար փոփոխություններ։	2	0				hy-AM	
ed04f2351d36c1612157c3ac700ab6e00bab5bf46e455c6bf4a496cdc90191c266486ffa4154ef1bd4a0f46f18024ed09175d919bd4d04009c8445323497e197	common_voice_hy-AM_26059853.mp3	Հպատակները նրան համարում էին քաջ ու իմաստուն արքա։	2	0				hy-AM	
ed04f2351d36c1612157c3ac700ab6e00bab5bf46e455c6bf4a496cdc90191c266486ffa4154ef1bd4a0f46f18024ed09175d919bd4d04009c8445323497e197	common_voice_hy-AM_26059855.mp3	Սրա մոտ է գտնվում համանուն գյուղը։	2	0				hy-AM	
ed04f2351d36c1612157c3ac700ab6e00bab5bf46e455c6bf4a496cdc90191c266486ffa4154ef1bd4a0f46f18024ed09175d919bd4d04009c8445323497e197	common_voice_hy-AM_26059858.mp3	Տաճարի հիմնական մասը կայսերական նախկին դամբարանն է։	2	0				hy-AM	
ed04f2351d36c1612157c3ac700ab6e00bab5bf46e455c6bf4a496cdc90191c266486ffa4154ef1bd4a0f46f18024ed09175d919bd4d04009c8445323497e197	common_voice_hy-AM_26059859.mp3	Եվ այսպես, այն շարունակվեց մի քանի տարի։	2	0				hy-AM	
ed04f2351d36c1612157c3ac700ab6e00bab5bf46e455c6bf4a496cdc90191c266486ffa4154ef1bd4a0f46f18024ed09175d919bd4d04009c8445323497e197	common_voice_hy-AM_26059893.mp3	Տիրապետում է անգլերեն և գերմաներեն լեզուներին։	2	0				hy-AM	
ed04f2351d36c1612157c3ac700ab6e00bab5bf46e455c6bf4a496cdc90191c266486ffa4154ef1bd4a0f46f18024ed09175d919bd4d04009c8445323497e197	common_voice_hy-AM_26059894.mp3	Գահին է բարձրացել քաղաքացիական պատերազմների արդյունքում սկյութական ցեղերի աջակցությամբ։	2	0				hy-AM	
ed04f2351d36c1612157c3ac700ab6e00bab5bf46e455c6bf4a496cdc90191c266486ffa4154ef1bd4a0f46f18024ed09175d919bd4d04009c8445323497e197	common_voice_hy-AM_26059895.mp3	Սերմերը մանր են, կարթաձև, թավոտ։	2	0				hy-AM	
ed04f2351d36c1612157c3ac700ab6e00bab5bf46e455c6bf4a496cdc90191c266486ffa4154ef1bd4a0f46f18024ed09175d919bd4d04009c8445323497e197	common_voice_hy-AM_26059896.mp3	Ի վերջո նրանք, մեծ կորուստներ կրելով, հրաժարվել են իրենց ձեռնարկումից։	2	0				hy-AM	
ed04f2351d36c1612157c3ac700ab6e00bab5bf46e455c6bf4a496cdc90191c266486ffa4154ef1bd4a0f46f18024ed09175d919bd4d04009c8445323497e197	common_voice_hy-AM_26059897.mp3	Իջվածքների հատակը ծածկված է աղուտներով, չորացող աղային ճահիճներով։	2	0				hy-AM	
ed04f2351d36c1612157c3ac700ab6e00bab5bf46e455c6bf4a496cdc90191c266486ffa4154ef1bd4a0f46f18024ed09175d919bd4d04009c8445323497e197	common_voice_hy-AM_26059943.mp3	Գետը հոսում է արևելք ապա թեքվում հարավ։	2	0				hy-AM	
ed04f2351d36c1612157c3ac700ab6e00bab5bf46e455c6bf4a496cdc90191c266486ffa4154ef1bd4a0f46f18024ed09175d919bd4d04009c8445323497e197	common_voice_hy-AM_26059944.mp3	Կուբանի ֆիզիկական կուլտուրայի պետական ակադեմիայի շրջանավարտ։	2	0				hy-AM	
ed04f2351d36c1612157c3ac700ab6e00bab5bf46e455c6bf4a496cdc90191c266486ffa4154ef1bd4a0f46f18024ed09175d919bd4d04009c8445323497e197	common_voice_hy-AM_26059946.mp3	Տեքստը գրեթե չի փոփոխվում։	2	0				hy-AM	
ed04f2351d36c1612157c3ac700ab6e00bab5bf46e455c6bf4a496cdc90191c266486ffa4154ef1bd4a0f46f18024ed09175d919bd4d04009c8445323497e197	common_voice_hy-AM_26059947.mp3	Վեպը բաժանված է երեք մասի։	2	0				hy-AM	
ed04f2351d36c1612157c3ac700ab6e00bab5bf46e455c6bf4a496cdc90191c266486ffa4154ef1bd4a0f46f18024ed09175d919bd4d04009c8445323497e197	common_voice_hy-AM_26059996.mp3	Այն նաև կազմակերպության գործունեության համար ինքնուրույն միջոցներ ունենալու գրավականն է։	2	0				hy-AM	
ed04f2351d36c1612157c3ac700ab6e00bab5bf46e455c6bf4a496cdc90191c266486ffa4154ef1bd4a0f46f18024ed09175d919bd4d04009c8445323497e197	common_voice_hy-AM_26059997.mp3	Այն օգտագործվում է լևանտական խոհանոցում։	2	0				hy-AM	
ed04f2351d36c1612157c3ac700ab6e00bab5bf46e455c6bf4a496cdc90191c266486ffa4154ef1bd4a0f46f18024ed09175d919bd4d04009c8445323497e197	common_voice_hy-AM_26059999.mp3	Աջակցել է հայրենադարձության կազմակերպմանը, պաշտպանել հայ եկեղեցու միասնությունը։	2	0				hy-AM	
ed04f2351d36c1612157c3ac700ab6e00bab5bf46e455c6bf4a496cdc90191c266486ffa4154ef1bd4a0f46f18024ed09175d919bd4d04009c8445323497e197	common_voice_hy-AM_26060000.mp3	Այն անձի գրավչությունը և ձգողականությունն է։	2	0				hy-AM	
ed04f2351d36c1612157c3ac700ab6e00bab5bf46e455c6bf4a496cdc90191c266486ffa4154ef1bd4a0f46f18024ed09175d919bd4d04009c8445323497e197	common_voice_hy-AM_26060002.mp3	Մասնավորեցման հետևանքով տնտեսությունում պետական հատվածի նշանակությունը կտրուկ կրճատվեց։	2	0				hy-AM	
ed04f2351d36c1612157c3ac700ab6e00bab5bf46e455c6bf4a496cdc90191c266486ffa4154ef1bd4a0f46f18024ed09175d919bd4d04009c8445323497e197	common_voice_hy-AM_26060227.mp3	Գյուղատնտեսության պակասը անտառահատման պատճառ է դարձել։	2	0				hy-AM	
ed04f2351d36c1612157c3ac700ab6e00bab5bf46e455c6bf4a496cdc90191c266486ffa4154ef1bd4a0f46f18024ed09175d919bd4d04009c8445323497e197	common_voice_hy-AM_26060228.mp3	Կան կոնաձև, սնկաձև ու բրգաձև ժայռեր՝ կազմված տուֆաբրեկչիաներից։	2	0				hy-AM	
ed04f2351d36c1612157c3ac700ab6e00bab5bf46e455c6bf4a496cdc90191c266486ffa4154ef1bd4a0f46f18024ed09175d919bd4d04009c8445323497e197	common_voice_hy-AM_26060229.mp3	Նրանց խորհրդով պապն անմիջապես գնեց այդ քանդակը այգու տիրոջից։	2	0				hy-AM	
ed04f2351d36c1612157c3ac700ab6e00bab5bf46e455c6bf4a496cdc90191c266486ffa4154ef1bd4a0f46f18024ed09175d919bd4d04009c8445323497e197	common_voice_hy-AM_26060230.mp3	Արևելյան թեմայով ստեղծել է կտավների մի ամբողջ շարք։	2	0				hy-AM	
ed04f2351d36c1612157c3ac700ab6e00bab5bf46e455c6bf4a496cdc90191c266486ffa4154ef1bd4a0f46f18024ed09175d919bd4d04009c8445323497e197	common_voice_hy-AM_26060231.mp3	Մոտ երկու միլիոն մարդ մասնակցեց նրա համերգներին։	2	0				hy-AM	
ed04f2351d36c1612157c3ac700ab6e00bab5bf46e455c6bf4a496cdc90191c266486ffa4154ef1bd4a0f46f18024ed09175d919bd4d04009c8445323497e197	common_voice_hy-AM_26060271.mp3	Խորանարդ ֆունկցիայի գրաֆիկը կոչվում է խորանարդ պարաբոլ։	2	0				hy-AM	
ed04f2351d36c1612157c3ac700ab6e00bab5bf46e455c6bf4a496cdc90191c266486ffa4154ef1bd4a0f46f18024ed09175d919bd4d04009c8445323497e197	common_voice_hy-AM_26060272.mp3	Անդամակցության համար պահանջվում է տարեկան անդամավճար։	2	0				hy-AM	
ed04f2351d36c1612157c3ac700ab6e00bab5bf46e455c6bf4a496cdc90191c266486ffa4154ef1bd4a0f46f18024ed09175d919bd4d04009c8445323497e197	common_voice_hy-AM_26060273.mp3	Հետախուզության մեջ ներգրավված են եղել նաև հայազգի հետախույզներ։	2	0				hy-AM	
ed04f2351d36c1612157c3ac700ab6e00bab5bf46e455c6bf4a496cdc90191c266486ffa4154ef1bd4a0f46f18024ed09175d919bd4d04009c8445323497e197	common_voice_hy-AM_26060274.mp3	Միջերկրում հայտնի է որպես ամենաիմաստուն կախարդներից մեկը։	2	0				hy-AM	
ed04f2351d36c1612157c3ac700ab6e00bab5bf46e455c6bf4a496cdc90191c266486ffa4154ef1bd4a0f46f18024ed09175d919bd4d04009c8445323497e197	common_voice_hy-AM_26060275.mp3	Նախքան գրող դառնալը, նա աշխատել է ռեստորանում որպես ադմինիստրատոր։	2	0				hy-AM	
ed04f2351d36c1612157c3ac700ab6e00bab5bf46e455c6bf4a496cdc90191c266486ffa4154ef1bd4a0f46f18024ed09175d919bd4d04009c8445323497e197	common_voice_hy-AM_26060335.mp3	Այս պայմաններում անմասն չէր կարող մնալ պոեզիան։	2	0				hy-AM	
ed04f2351d36c1612157c3ac700ab6e00bab5bf46e455c6bf4a496cdc90191c266486ffa4154ef1bd4a0f46f18024ed09175d919bd4d04009c8445323497e197	common_voice_hy-AM_26060336.mp3	Ռաունկիերի դասակարգմամբ ծառերը պատկանում են ֆաներոֆիտների խմբին։	2	0				hy-AM	
ed04f2351d36c1612157c3ac700ab6e00bab5bf46e455c6bf4a496cdc90191c266486ffa4154ef1bd4a0f46f18024ed09175d919bd4d04009c8445323497e197	common_voice_hy-AM_26060337.mp3	Բնորոշ է անսեռ բազմացումը, երբեմն՝ նաև կոնյուգացիան։	2	0				hy-AM	
ed04f2351d36c1612157c3ac700ab6e00bab5bf46e455c6bf4a496cdc90191c266486ffa4154ef1bd4a0f46f18024ed09175d919bd4d04009c8445323497e197	common_voice_hy-AM_26060338.mp3	Վերջին տասնամյակում սառցե շերտը ցույց է տվել զանգվածի նվազման նշաններ։	2	0				hy-AM	
ed04f2351d36c1612157c3ac700ab6e00bab5bf46e455c6bf4a496cdc90191c266486ffa4154ef1bd4a0f46f18024ed09175d919bd4d04009c8445323497e197	common_voice_hy-AM_26060339.mp3	Ճիշտ պաշտպանվելու դեպքում սևերը կարող են առաջ անցնել խաղաքարերը զարգացնելիս։	2	0				hy-AM	
ed04f2351d36c1612157c3ac700ab6e00bab5bf46e455c6bf4a496cdc90191c266486ffa4154ef1bd4a0f46f18024ed09175d919bd4d04009c8445323497e197	common_voice_hy-AM_26060500.mp3	Հետագայում այդ կանոնը չեղյալ է հայտարարվել։	2	0				hy-AM	
ed04f2351d36c1612157c3ac700ab6e00bab5bf46e455c6bf4a496cdc90191c266486ffa4154ef1bd4a0f46f18024ed09175d919bd4d04009c8445323497e197	common_voice_hy-AM_26060501.mp3	Ոսկրային հյուսվածքի թերզարգացումը կարող է լինել մասնակի կամ լրիվ։	2	0				hy-AM	
ed04f2351d36c1612157c3ac700ab6e00bab5bf46e455c6bf4a496cdc90191c266486ffa4154ef1bd4a0f46f18024ed09175d919bd4d04009c8445323497e197	common_voice_hy-AM_26060502.mp3	Տեղումները և սողվածքային նստվածքները ծածկել են խառնարանի հատակը։	2	0				hy-AM	
ed04f2351d36c1612157c3ac700ab6e00bab5bf46e455c6bf4a496cdc90191c266486ffa4154ef1bd4a0f46f18024ed09175d919bd4d04009c8445323497e197	common_voice_hy-AM_26060503.mp3	Ձախ ռեվիզիոնիզմը հատկապես տարածվել է մաոիզմի մեջ։	2	0				hy-AM	
ed04f2351d36c1612157c3ac700ab6e00bab5bf46e455c6bf4a496cdc90191c266486ffa4154ef1bd4a0f46f18024ed09175d919bd4d04009c8445323497e197	common_voice_hy-AM_26060504.mp3	Նրա հետ են կապված բազմաթիվ նշանավոր իրադարձություններ և ավանդույթներ։	2	0				hy-AM	
ed04f2351d36c1612157c3ac700ab6e00bab5bf46e455c6bf4a496cdc90191c266486ffa4154ef1bd4a0f46f18024ed09175d919bd4d04009c8445323497e197	common_voice_hy-AM_26060561.mp3	Ստեփանը շատ է վշտանում տեղի ունեցածից և դառնում լռակյաց ու ճնշված։	2	0				hy-AM	
ed04f2351d36c1612157c3ac700ab6e00bab5bf46e455c6bf4a496cdc90191c266486ffa4154ef1bd4a0f46f18024ed09175d919bd4d04009c8445323497e197	common_voice_hy-AM_26060563.mp3	Մարդկային գործունեության բոլոր ոլորտներում տեղի է ունեցել որակական մեծ թռիչք։	2	0				hy-AM	
ed04f2351d36c1612157c3ac700ab6e00bab5bf46e455c6bf4a496cdc90191c266486ffa4154ef1bd4a0f46f18024ed09175d919bd4d04009c8445323497e197	common_voice_hy-AM_26060564.mp3	Կենտրոնում սովորաբար եղել է կրակնոցը, պատերի տակ՝ որմնաթախտեր։	2	0				hy-AM	
ed04f2351d36c1612157c3ac700ab6e00bab5bf46e455c6bf4a496cdc90191c266486ffa4154ef1bd4a0f46f18024ed09175d919bd4d04009c8445323497e197	common_voice_hy-AM_26060565.mp3	Գյուղում հիմնադրվել է բուժկետ։	2	0				hy-AM	
ed04f2351d36c1612157c3ac700ab6e00bab5bf46e455c6bf4a496cdc90191c266486ffa4154ef1bd4a0f46f18024ed09175d919bd4d04009c8445323497e197	common_voice_hy-AM_26060606.mp3	Իրանի արևմտյան սահմանը տարածքային մեծ փոփոխություններ չի կրում։	2	0				hy-AM	
ed04f2351d36c1612157c3ac700ab6e00bab5bf46e455c6bf4a496cdc90191c266486ffa4154ef1bd4a0f46f18024ed09175d919bd4d04009c8445323497e197	common_voice_hy-AM_26060608.mp3	Ներկայումս պահպանվել է փոսի, պարսպաշարի և աշտարակի ավերակները։	2	0				hy-AM	
ed04f2351d36c1612157c3ac700ab6e00bab5bf46e455c6bf4a496cdc90191c266486ffa4154ef1bd4a0f46f18024ed09175d919bd4d04009c8445323497e197	common_voice_hy-AM_26060609.mp3	Ստորև ներկայացված են տարածված պատկերների տեսակները։	2	0				hy-AM	
ed04f2351d36c1612157c3ac700ab6e00bab5bf46e455c6bf4a496cdc90191c266486ffa4154ef1bd4a0f46f18024ed09175d919bd4d04009c8445323497e197	common_voice_hy-AM_26060610.mp3	Ջորդան գետի վրա կան մի քանի ավտոմոբիլային և երկաթուղային կամուրջներ։	2	0				hy-AM	
ed04f2351d36c1612157c3ac700ab6e00bab5bf46e455c6bf4a496cdc90191c266486ffa4154ef1bd4a0f46f18024ed09175d919bd4d04009c8445323497e197	common_voice_hy-AM_26060612.mp3	Երբեմն նրանք կառուցում էին լոգարաններ։	2	0				hy-AM	
ed04f2351d36c1612157c3ac700ab6e00bab5bf46e455c6bf4a496cdc90191c266486ffa4154ef1bd4a0f46f18024ed09175d919bd4d04009c8445323497e197	common_voice_hy-AM_26060673.mp3	Ուտելուց և մի քիչ հանգստանալուց հետո աղջիկը սկսում է ննջել։	2	0				hy-AM	
ed04f2351d36c1612157c3ac700ab6e00bab5bf46e455c6bf4a496cdc90191c266486ffa4154ef1bd4a0f46f18024ed09175d919bd4d04009c8445323497e197	common_voice_hy-AM_26060674.mp3	Տասնչորս էջերը ջրաներկ աշխատանքներ են՝ լանդշաֆտներ կամ դիմանկարներ՝ սոսնձված գրքում։	2	0				hy-AM	
ed04f2351d36c1612157c3ac700ab6e00bab5bf46e455c6bf4a496cdc90191c266486ffa4154ef1bd4a0f46f18024ed09175d919bd4d04009c8445323497e197	common_voice_hy-AM_26060677.mp3	Նա նայելով բացականչել է՝ հիանալի է, հիանալի է։	2	0				hy-AM	
ed04f2351d36c1612157c3ac700ab6e00bab5bf46e455c6bf4a496cdc90191c266486ffa4154ef1bd4a0f46f18024ed09175d919bd4d04009c8445323497e197	common_voice_hy-AM_26060679.mp3	Ամռանը և աշնանը ջրհեղեղներ։	2	0				hy-AM	
ed04f2351d36c1612157c3ac700ab6e00bab5bf46e455c6bf4a496cdc90191c266486ffa4154ef1bd4a0f46f18024ed09175d919bd4d04009c8445323497e197	common_voice_hy-AM_26060681.mp3	Գծագրում էր մասնակիցների զգեստները։	2	0				hy-AM	
ed04f2351d36c1612157c3ac700ab6e00bab5bf46e455c6bf4a496cdc90191c266486ffa4154ef1bd4a0f46f18024ed09175d919bd4d04009c8445323497e197	common_voice_hy-AM_26060753.mp3	Գերեզմանները պետք է տեղակայված լինեին բնակավայրից զգալի հեռավորության վրա։	2	0				hy-AM	
ed04f2351d36c1612157c3ac700ab6e00bab5bf46e455c6bf4a496cdc90191c266486ffa4154ef1bd4a0f46f18024ed09175d919bd4d04009c8445323497e197	common_voice_hy-AM_26060754.mp3	Միությունը կազմակերպել և կառավարել է ֆուտբոլի ազգային հավաքականները (գլխավոր, երիտասարդական)։	2	0				hy-AM	
ed04f2351d36c1612157c3ac700ab6e00bab5bf46e455c6bf4a496cdc90191c266486ffa4154ef1bd4a0f46f18024ed09175d919bd4d04009c8445323497e197	common_voice_hy-AM_26060755.mp3	Գործել է միայն վանական եկեղեցին։	2	0				hy-AM	
ed04f2351d36c1612157c3ac700ab6e00bab5bf46e455c6bf4a496cdc90191c266486ffa4154ef1bd4a0f46f18024ed09175d919bd4d04009c8445323497e197	common_voice_hy-AM_26060756.mp3	Ցորենը, բամբակը, շաքարը, լոբին ներքին սպառման համար են։	2	0				hy-AM	
ed04f2351d36c1612157c3ac700ab6e00bab5bf46e455c6bf4a496cdc90191c266486ffa4154ef1bd4a0f46f18024ed09175d919bd4d04009c8445323497e197	common_voice_hy-AM_26060757.mp3	Շիրվանշահերի արաբական անձնաանուններն իրենց տեղը զիջել են պարսկերենին։	2	0				hy-AM	
ed04f2351d36c1612157c3ac700ab6e00bab5bf46e455c6bf4a496cdc90191c266486ffa4154ef1bd4a0f46f18024ed09175d919bd4d04009c8445323497e197	common_voice_hy-AM_26060826.mp3	Երեք թզուկները մի բարի աղջկա տալիս են կախարդական կճուճիկ։	2	0				hy-AM	
ed04f2351d36c1612157c3ac700ab6e00bab5bf46e455c6bf4a496cdc90191c266486ffa4154ef1bd4a0f46f18024ed09175d919bd4d04009c8445323497e197	common_voice_hy-AM_26060829.mp3	Եվ այդպես իր և ընկերոջ անունը ամրագրվեց այդ անտենայի վրա։	2	1				hy-AM	
ed04f2351d36c1612157c3ac700ab6e00bab5bf46e455c6bf4a496cdc90191c266486ffa4154ef1bd4a0f46f18024ed09175d919bd4d04009c8445323497e197	common_voice_hy-AM_26060832.mp3	Ազնավուրը այդ երգել է իր գրեթե բոլոր համերգներում։	2	0				hy-AM	
ed04f2351d36c1612157c3ac700ab6e00bab5bf46e455c6bf4a496cdc90191c266486ffa4154ef1bd4a0f46f18024ed09175d919bd4d04009c8445323497e197	common_voice_hy-AM_26060835.mp3	Մեղմասությանը հատուկ է նաև ժողովրդական լեզվամտածողությանը, օրինակ՝ «սիրտ թափել», փոխանակ՝ «փսխել»։	2	0				hy-AM	
ed04f2351d36c1612157c3ac700ab6e00bab5bf46e455c6bf4a496cdc90191c266486ffa4154ef1bd4a0f46f18024ed09175d919bd4d04009c8445323497e197	common_voice_hy-AM_26060839.mp3	Սյուժեի ծագումը հստակ չէ։	2	0				hy-AM	
ed04f2351d36c1612157c3ac700ab6e00bab5bf46e455c6bf4a496cdc90191c266486ffa4154ef1bd4a0f46f18024ed09175d919bd4d04009c8445323497e197	common_voice_hy-AM_26060890.mp3	Գիտական մի շարք աշխատությունների հեղինակ է։	2	0				hy-AM	
ed04f2351d36c1612157c3ac700ab6e00bab5bf46e455c6bf4a496cdc90191c266486ffa4154ef1bd4a0f46f18024ed09175d919bd4d04009c8445323497e197	common_voice_hy-AM_26060891.mp3	Հայաստանում նստակյաց թռչուն է, տարածված է առավելապես կիսաանապատներից մինչև լեռնային տափաստանները։	2	0				hy-AM	
ed04f2351d36c1612157c3ac700ab6e00bab5bf46e455c6bf4a496cdc90191c266486ffa4154ef1bd4a0f46f18024ed09175d919bd4d04009c8445323497e197	common_voice_hy-AM_26060892.mp3	Ընդհարում տեղի ունեցավ բանվորների և ոստիկանության միջև։	2	0				hy-AM	
ed04f2351d36c1612157c3ac700ab6e00bab5bf46e455c6bf4a496cdc90191c266486ffa4154ef1bd4a0f46f18024ed09175d919bd4d04009c8445323497e197	common_voice_hy-AM_26060894.mp3	Քոլինն անցավ լսումները։	2	0				hy-AM	
ed04f2351d36c1612157c3ac700ab6e00bab5bf46e455c6bf4a496cdc90191c266486ffa4154ef1bd4a0f46f18024ed09175d919bd4d04009c8445323497e197	common_voice_hy-AM_26060895.mp3	Նախնական ուսումը ստացել է տեղի քաղաքային դպրոցում։	2	0				hy-AM	
ed04f2351d36c1612157c3ac700ab6e00bab5bf46e455c6bf4a496cdc90191c266486ffa4154ef1bd4a0f46f18024ed09175d919bd4d04009c8445323497e197	common_voice_hy-AM_26061018.mp3	Երկրի մակերևույթ է դուրս գալիս հորատանցքերով։	2	0				hy-AM	
ed04f2351d36c1612157c3ac700ab6e00bab5bf46e455c6bf4a496cdc90191c266486ffa4154ef1bd4a0f46f18024ed09175d919bd4d04009c8445323497e197	common_voice_hy-AM_26061020.mp3	Կարմիր քացախից պատրաստված սոուսի հետ համահունչ են լոլիկը և քաղցր պղպեղը։	2	0				hy-AM	
ed04f2351d36c1612157c3ac700ab6e00bab5bf46e455c6bf4a496cdc90191c266486ffa4154ef1bd4a0f46f18024ed09175d919bd4d04009c8445323497e197	common_voice_hy-AM_26061021.mp3	Նա նաև ձմեռն անցկացրել է մարգագետնում, եղել է մրջյունների հրամանատար։	2	0				hy-AM	
ed04f2351d36c1612157c3ac700ab6e00bab5bf46e455c6bf4a496cdc90191c266486ffa4154ef1bd4a0f46f18024ed09175d919bd4d04009c8445323497e197	common_voice_hy-AM_26061022.mp3	Հին թաղամասերը ծուռ ու մուռ փողոցներով են, բակի խորքում տեղադրված տներով։	2	0				hy-AM	
ed04f2351d36c1612157c3ac700ab6e00bab5bf46e455c6bf4a496cdc90191c266486ffa4154ef1bd4a0f46f18024ed09175d919bd4d04009c8445323497e197	common_voice_hy-AM_26061023.mp3	Սակայն դիտակետում օրերով հերթապահելը նրա համար չէր։	2	0				hy-AM	
93fa435db2b9e077af647c9f846d8b6031bcb1f6cd731e894a835e70a0ab4aec1faffce01c882bdcdcb854b98b601c83a1c412bae8e5ee411556f0e2f88c1c5c	common_voice_hy-AM_26466425.mp3	Հորիզոնին երևում են մերկ ծառեր և տներ։	2	0	twenties	male		hy-AM	
93fa435db2b9e077af647c9f846d8b6031bcb1f6cd731e894a835e70a0ab4aec1faffce01c882bdcdcb854b98b601c83a1c412bae8e5ee411556f0e2f88c1c5c	common_voice_hy-AM_26466426.mp3	Թփերը տարածված են տունդրայում, ճահիճների վրա, փշատերև անտառներում, բարձր լեռներում։	2	0	twenties	male		hy-AM	
93fa435db2b9e077af647c9f846d8b6031bcb1f6cd731e894a835e70a0ab4aec1faffce01c882bdcdcb854b98b601c83a1c412bae8e5ee411556f0e2f88c1c5c	common_voice_hy-AM_26466427.mp3	Ծնվել է բեդուինների ընտանիքում։	2	0	twenties	male		hy-AM	
93fa435db2b9e077af647c9f846d8b6031bcb1f6cd731e894a835e70a0ab4aec1faffce01c882bdcdcb854b98b601c83a1c412bae8e5ee411556f0e2f88c1c5c	common_voice_hy-AM_26466428.mp3	Խնդրի լուծման շարունակությունը կախված է մարմնի շարժման ուղեծրի տեսակից։	2	0	twenties	male		hy-AM	
93fa435db2b9e077af647c9f846d8b6031bcb1f6cd731e894a835e70a0ab4aec1faffce01c882bdcdcb854b98b601c83a1c412bae8e5ee411556f0e2f88c1c5c	common_voice_hy-AM_26466429.mp3	Թե ինչ հարցեր է քննարկել ժողովը, պատմիչները տեղեկություններ չեն հաղորդում։	2	0	twenties	male		hy-AM	
93fa435db2b9e077af647c9f846d8b6031bcb1f6cd731e894a835e70a0ab4aec1faffce01c882bdcdcb854b98b601c83a1c412bae8e5ee411556f0e2f88c1c5c	common_voice_hy-AM_26466443.mp3	Դա առաջին հայկական ալբոմն էր ռեգգի և սկա ոճերի մեջ։	2	0	twenties	male		hy-AM	
93fa435db2b9e077af647c9f846d8b6031bcb1f6cd731e894a835e70a0ab4aec1faffce01c882bdcdcb854b98b601c83a1c412bae8e5ee411556f0e2f88c1c5c	common_voice_hy-AM_26466444.mp3	Այսպես հայտնվեցին առաջին շղթայական բենզալցակայանները, որոնք պատկանում էին անկախ ֆրանչայզերի։	2	0	twenties	male		hy-AM	
93fa435db2b9e077af647c9f846d8b6031bcb1f6cd731e894a835e70a0ab4aec1faffce01c882bdcdcb854b98b601c83a1c412bae8e5ee411556f0e2f88c1c5c	common_voice_hy-AM_26466446.mp3	Շարունակել է գրել։	2	0	twenties	male		hy-AM	
93fa435db2b9e077af647c9f846d8b6031bcb1f6cd731e894a835e70a0ab4aec1faffce01c882bdcdcb854b98b601c83a1c412bae8e5ee411556f0e2f88c1c5c	common_voice_hy-AM_26466511.mp3	Նպատակը բռնապետի պոտենցիալ վարքագծի ուսումնասիրությունն էր, այդ թվում նաև հետպատերազմական ժամանակաշրջանում։	2	0	twenties	male		hy-AM	
93fa435db2b9e077af647c9f846d8b6031bcb1f6cd731e894a835e70a0ab4aec1faffce01c882bdcdcb854b98b601c83a1c412bae8e5ee411556f0e2f88c1c5c	common_voice_hy-AM_26466512.mp3	Շահագործողական ֆորմացիաներում այն անհատույց յուրացնում են իշխող դասակարգերը։	2	0	twenties	male		hy-AM	
93fa435db2b9e077af647c9f846d8b6031bcb1f6cd731e894a835e70a0ab4aec1faffce01c882bdcdcb854b98b601c83a1c412bae8e5ee411556f0e2f88c1c5c	common_voice_hy-AM_26466513.mp3	Ստեղծել է խորհրդային տնտեսական աշխարհագրության նոր ճյուղ՝ քաղաքների աշխարհագրությունը։	2	0	twenties	male		hy-AM	
93fa435db2b9e077af647c9f846d8b6031bcb1f6cd731e894a835e70a0ab4aec1faffce01c882bdcdcb854b98b601c83a1c412bae8e5ee411556f0e2f88c1c5c	common_voice_hy-AM_26466514.mp3	Հակառակորդն ուներ գրեթե կրկնակի թվական գերակշռություն։	2	1	twenties	male		hy-AM	
93fa435db2b9e077af647c9f846d8b6031bcb1f6cd731e894a835e70a0ab4aec1faffce01c882bdcdcb854b98b601c83a1c412bae8e5ee411556f0e2f88c1c5c	common_voice_hy-AM_26466515.mp3	Իրականացվել են ավտոմատ և օդաչուավոր ռեժիմներով թռիչքներ։	2	0	twenties	male		hy-AM	
93fa435db2b9e077af647c9f846d8b6031bcb1f6cd731e894a835e70a0ab4aec1faffce01c882bdcdcb854b98b601c83a1c412bae8e5ee411556f0e2f88c1c5c	common_voice_hy-AM_26466544.mp3	Պատմական երկերում հեղինակը հաղորդում է այնպիսի փաստեր, որոնք չկան այլ աղբյուրներում։	2	0	twenties	male		hy-AM	
93fa435db2b9e077af647c9f846d8b6031bcb1f6cd731e894a835e70a0ab4aec1faffce01c882bdcdcb854b98b601c83a1c412bae8e5ee411556f0e2f88c1c5c	common_voice_hy-AM_26466546.mp3	Շպեերը շատ արագ մտել է ֆյուրերի մտերիմների շրջանակ։	2	0	twenties	male		hy-AM	
93fa435db2b9e077af647c9f846d8b6031bcb1f6cd731e894a835e70a0ab4aec1faffce01c882bdcdcb854b98b601c83a1c412bae8e5ee411556f0e2f88c1c5c	common_voice_hy-AM_26466547.mp3	Աշխարհի առաջին սուպերմոդելներից մեկն է և նորաձևության իկոնա։	2	0	twenties	male		hy-AM	
93fa435db2b9e077af647c9f846d8b6031bcb1f6cd731e894a835e70a0ab4aec1faffce01c882bdcdcb854b98b601c83a1c412bae8e5ee411556f0e2f88c1c5c	common_voice_hy-AM_26466548.mp3	Նորազատամտականաթյունը կարևորում է նաև մարդու իրավունքները, հակաամբողջատիրությունը և այլն։	2	0	twenties	male		hy-AM	
93fa435db2b9e077af647c9f846d8b6031bcb1f6cd731e894a835e70a0ab4aec1faffce01c882bdcdcb854b98b601c83a1c412bae8e5ee411556f0e2f88c1c5c	common_voice_hy-AM_26466592.mp3	Մի՞թե մայրը վերադարձավ։	2	0	twenties	male		hy-AM	
93fa435db2b9e077af647c9f846d8b6031bcb1f6cd731e894a835e70a0ab4aec1faffce01c882bdcdcb854b98b601c83a1c412bae8e5ee411556f0e2f88c1c5c	common_voice_hy-AM_26466593.mp3	Որովայնի ապոնևրոզը բունոց է հանդիսանում ուղիղ մկանի համար։	2	0	twenties	male		hy-AM	
93fa435db2b9e077af647c9f846d8b6031bcb1f6cd731e894a835e70a0ab4aec1faffce01c882bdcdcb854b98b601c83a1c412bae8e5ee411556f0e2f88c1c5c	common_voice_hy-AM_26466617.mp3	Հիպոթերմիայի պայմաններում սրտի վիրահատությունը մեծ կիրառություն է գտել առօրյա պրակտիկայում։	2	0	twenties	male		hy-AM	
93fa435db2b9e077af647c9f846d8b6031bcb1f6cd731e894a835e70a0ab4aec1faffce01c882bdcdcb854b98b601c83a1c412bae8e5ee411556f0e2f88c1c5c	common_voice_hy-AM_26466620.mp3	Բնակատեղիների կորուստը և ինտենսիվ որսը նպաստել են այս ենթատեսակի թվաքանակի նվազեցմանը։	2	0	twenties	male		hy-AM	
93fa435db2b9e077af647c9f846d8b6031bcb1f6cd731e894a835e70a0ab4aec1faffce01c882bdcdcb854b98b601c83a1c412bae8e5ee411556f0e2f88c1c5c	common_voice_hy-AM_26466621.mp3	Նրա որդին դարձել է թմրամոլ և շուտով մահացել։	2	0	twenties	male		hy-AM	
93fa435db2b9e077af647c9f846d8b6031bcb1f6cd731e894a835e70a0ab4aec1faffce01c882bdcdcb854b98b601c83a1c412bae8e5ee411556f0e2f88c1c5c	common_voice_hy-AM_26483860.mp3	Համատեղ կյանքի ընթացքում ունեցել են չորս երեխա։	2	0	twenties	male		hy-AM	
93fa435db2b9e077af647c9f846d8b6031bcb1f6cd731e894a835e70a0ab4aec1faffce01c882bdcdcb854b98b601c83a1c412bae8e5ee411556f0e2f88c1c5c	common_voice_hy-AM_26483863.mp3	Եղել է երկու կոնսուլ, որոնց ընտրել են ցենտուրիական կոմիտիաներում մեկ տարով։	2	0	twenties	male		hy-AM	
93fa435db2b9e077af647c9f846d8b6031bcb1f6cd731e894a835e70a0ab4aec1faffce01c882bdcdcb854b98b601c83a1c412bae8e5ee411556f0e2f88c1c5c	common_voice_hy-AM_26483864.mp3	Նա այնպես էր սպանում, որ ընդգծեր դրա արյունարբությունը։	2	0	twenties	male		hy-AM	
93fa435db2b9e077af647c9f846d8b6031bcb1f6cd731e894a835e70a0ab4aec1faffce01c882bdcdcb854b98b601c83a1c412bae8e5ee411556f0e2f88c1c5c	common_voice_hy-AM_26483866.mp3	Լանջերը խիստ զառիթափ ու բուսածածկ են, գագաթը՝ ժայռոտ, մասնատված։	2	0	twenties	male		hy-AM	
93fa435db2b9e077af647c9f846d8b6031bcb1f6cd731e894a835e70a0ab4aec1faffce01c882bdcdcb854b98b601c83a1c412bae8e5ee411556f0e2f88c1c5c	common_voice_hy-AM_26483868.mp3	Կաթողիկե տաճարի գմբեթները բազմել են ամուր քանդակազարդ սյուների վրա։	2	0	twenties	male		hy-AM	
93fa435db2b9e077af647c9f846d8b6031bcb1f6cd731e894a835e70a0ab4aec1faffce01c882bdcdcb854b98b601c83a1c412bae8e5ee411556f0e2f88c1c5c	common_voice_hy-AM_26483869.mp3	Թանգարանի զարդարանքներու մեծ մասն ընտրուած է մրցոյթներու միջոցով։	2	0	twenties	male		hy-AM	
93fa435db2b9e077af647c9f846d8b6031bcb1f6cd731e894a835e70a0ab4aec1faffce01c882bdcdcb854b98b601c83a1c412bae8e5ee411556f0e2f88c1c5c	common_voice_hy-AM_26483872.mp3	Սակայն գրչին ու վրձնին փոխարինեց զենքը։	2	0	twenties	male		hy-AM	
93fa435db2b9e077af647c9f846d8b6031bcb1f6cd731e894a835e70a0ab4aec1faffce01c882bdcdcb854b98b601c83a1c412bae8e5ee411556f0e2f88c1c5c	common_voice_hy-AM_26483873.mp3	Բրենդին իրեն համարում է զտարյուն սպանյել։	2	0	twenties	male		hy-AM	
93fa435db2b9e077af647c9f846d8b6031bcb1f6cd731e894a835e70a0ab4aec1faffce01c882bdcdcb854b98b601c83a1c412bae8e5ee411556f0e2f88c1c5c	common_voice_hy-AM_26483874.mp3	Ականջները մեծ և լայն են և ունեն կարմիր գունավորում։	2	0	twenties	male		hy-AM	
93fa435db2b9e077af647c9f846d8b6031bcb1f6cd731e894a835e70a0ab4aec1faffce01c882bdcdcb854b98b601c83a1c412bae8e5ee411556f0e2f88c1c5c	common_voice_hy-AM_26483876.mp3	Քաղաքը հարուստ է միջնադարյան հուշարձաններով։	2	0	twenties	male		hy-AM	
93fa435db2b9e077af647c9f846d8b6031bcb1f6cd731e894a835e70a0ab4aec1faffce01c882bdcdcb854b98b601c83a1c412bae8e5ee411556f0e2f88c1c5c	common_voice_hy-AM_26499237.mp3	Իսրայելացի ժողովրդագիրներն առանձնացնում են նաև «հրեական ընդլայնված բնակչություն» հասկացությունը։	2	0	twenties	male		hy-AM	
93fa435db2b9e077af647c9f846d8b6031bcb1f6cd731e894a835e70a0ab4aec1faffce01c882bdcdcb854b98b601c83a1c412bae8e5ee411556f0e2f88c1c5c	common_voice_hy-AM_26499238.mp3	Հ. Բաչկովի մարզական կարիերան հարթ չի ընթացել։	2	0	twenties	male		hy-AM	
93fa435db2b9e077af647c9f846d8b6031bcb1f6cd731e894a835e70a0ab4aec1faffce01c882bdcdcb854b98b601c83a1c412bae8e5ee411556f0e2f88c1c5c	common_voice_hy-AM_26499239.mp3	Երիտասարդ տարիքում թողնում է ծննդավայրն ու աշխատանք որոնում մայրաքաղաքում։	2	0	twenties	male		hy-AM	
93fa435db2b9e077af647c9f846d8b6031bcb1f6cd731e894a835e70a0ab4aec1faffce01c882bdcdcb854b98b601c83a1c412bae8e5ee411556f0e2f88c1c5c	common_voice_hy-AM_26499250.mp3	Խաղացանկում գերիշխում էին ռուս դասականների ստեղծագործությունները։	2	0	twenties	male		hy-AM	
93fa435db2b9e077af647c9f846d8b6031bcb1f6cd731e894a835e70a0ab4aec1faffce01c882bdcdcb854b98b601c83a1c412bae8e5ee411556f0e2f88c1c5c	common_voice_hy-AM_26499252.mp3	Պետրոսյանի ղեկավարությամբ պաշտպանվել են թեկնածուական ատենախոսություններ։	2	0	twenties	male		hy-AM	
93fa435db2b9e077af647c9f846d8b6031bcb1f6cd731e894a835e70a0ab4aec1faffce01c882bdcdcb854b98b601c83a1c412bae8e5ee411556f0e2f88c1c5c	common_voice_hy-AM_26499254.mp3	Հայերն զբաղվում էին հիմնականում արհեստագործությամբ՝ ոսկերչությամբ և մետաքսագործությամբ, ինչպես և առևտրով։	2	0	twenties	male		hy-AM	
93fa435db2b9e077af647c9f846d8b6031bcb1f6cd731e894a835e70a0ab4aec1faffce01c882bdcdcb854b98b601c83a1c412bae8e5ee411556f0e2f88c1c5c	common_voice_hy-AM_26499261.mp3	Ունի զարգացած արմատներ և թավոտ տերևներ։	2	0	twenties	male		hy-AM	
93fa435db2b9e077af647c9f846d8b6031bcb1f6cd731e894a835e70a0ab4aec1faffce01c882bdcdcb854b98b601c83a1c412bae8e5ee411556f0e2f88c1c5c	common_voice_hy-AM_26499262.mp3	Ուոքրներուն ընտանիքը կը դաւանայ մորմոնութեան։	2	0	twenties	male		hy-AM	
93fa435db2b9e077af647c9f846d8b6031bcb1f6cd731e894a835e70a0ab4aec1faffce01c882bdcdcb854b98b601c83a1c412bae8e5ee411556f0e2f88c1c5c	common_voice_hy-AM_26499264.mp3	Արդյունքում, ներկայացումը ստիպված են լինում դադարեցնել։	2	0	twenties	male		hy-AM	
93fa435db2b9e077af647c9f846d8b6031bcb1f6cd731e894a835e70a0ab4aec1faffce01c882bdcdcb854b98b601c83a1c412bae8e5ee411556f0e2f88c1c5c	common_voice_hy-AM_26499276.mp3	Կտավում երեք «կերպարանքները» միավորված են հոգևոր ու գենետիկ կապով, հարազատությամբ։	2	0	twenties	male		hy-AM	
93fa435db2b9e077af647c9f846d8b6031bcb1f6cd731e894a835e70a0ab4aec1faffce01c882bdcdcb854b98b601c83a1c412bae8e5ee411556f0e2f88c1c5c	common_voice_hy-AM_26499279.mp3	Միևնույն մետաղից բազմալար հաղորդալարերը հյուսում են միևնույն հատվածքի հաղորդալարերից։	2	0	twenties	male		hy-AM	
93fa435db2b9e077af647c9f846d8b6031bcb1f6cd731e894a835e70a0ab4aec1faffce01c882bdcdcb854b98b601c83a1c412bae8e5ee411556f0e2f88c1c5c	common_voice_hy-AM_26499293.mp3	Հարավային մասում կա արհեստական լճակ, շրջակայքում՝ կաղնու անտառներ։	2	0	twenties	male		hy-AM	
93fa435db2b9e077af647c9f846d8b6031bcb1f6cd731e894a835e70a0ab4aec1faffce01c882bdcdcb854b98b601c83a1c412bae8e5ee411556f0e2f88c1c5c	common_voice_hy-AM_26499316.mp3	Օրենսդիր մարմին չէ։	2	0	twenties	male		hy-AM	
93fa435db2b9e077af647c9f846d8b6031bcb1f6cd731e894a835e70a0ab4aec1faffce01c882bdcdcb854b98b601c83a1c412bae8e5ee411556f0e2f88c1c5c	common_voice_hy-AM_26499318.mp3	Ուներ գինու ընտիր տեսակներ։	2	0	twenties	male		hy-AM	
93fa435db2b9e077af647c9f846d8b6031bcb1f6cd731e894a835e70a0ab4aec1faffce01c882bdcdcb854b98b601c83a1c412bae8e5ee411556f0e2f88c1c5c	common_voice_hy-AM_26499319.mp3	Նա հիվանդ էր նաև սիֆիլիսով։	2	0	twenties	male		hy-AM	
93fa435db2b9e077af647c9f846d8b6031bcb1f6cd731e894a835e70a0ab4aec1faffce01c882bdcdcb854b98b601c83a1c412bae8e5ee411556f0e2f88c1c5c	common_voice_hy-AM_26499338.mp3	Առաջին համաշխարհային և քաղաքացիական պատերազմների մասնակից է։	2	0	twenties	male		hy-AM	
93fa435db2b9e077af647c9f846d8b6031bcb1f6cd731e894a835e70a0ab4aec1faffce01c882bdcdcb854b98b601c83a1c412bae8e5ee411556f0e2f88c1c5c	common_voice_hy-AM_26499341.mp3	Հավատացյալ բուրերը պատկանում են հոլանդական բողոքական եկեղեցուն։	2	0	twenties	male		hy-AM	
93fa435db2b9e077af647c9f846d8b6031bcb1f6cd731e894a835e70a0ab4aec1faffce01c882bdcdcb854b98b601c83a1c412bae8e5ee411556f0e2f88c1c5c	common_voice_hy-AM_26499380.mp3	Լուծվում է արքայաջրում և տաք, խիտ ծծմբական թթվում։	2	0	twenties	male		hy-AM	
93fa435db2b9e077af647c9f846d8b6031bcb1f6cd731e894a835e70a0ab4aec1faffce01c882bdcdcb854b98b601c83a1c412bae8e5ee411556f0e2f88c1c5c	common_voice_hy-AM_26499381.mp3	Աշխատանքի ընդունակ բնակչությունը պակասում է արտագաղթի պատճառով։	2	0	twenties	male		hy-AM	
93fa435db2b9e077af647c9f846d8b6031bcb1f6cd731e894a835e70a0ab4aec1faffce01c882bdcdcb854b98b601c83a1c412bae8e5ee411556f0e2f88c1c5c	common_voice_hy-AM_26499382.mp3	Կորուստների մասին առայժմ չի հայտարարվել։	2	0	twenties	male		hy-AM	
93fa435db2b9e077af647c9f846d8b6031bcb1f6cd731e894a835e70a0ab4aec1faffce01c882bdcdcb854b98b601c83a1c412bae8e5ee411556f0e2f88c1c5c	common_voice_hy-AM_26499388.mp3	Տաճարի շենքն աղյուսե էր, տանիքը ծածկված էր երկաթով, զանգակատուն չուներ։	2	0	twenties	male		hy-AM	
93fa435db2b9e077af647c9f846d8b6031bcb1f6cd731e894a835e70a0ab4aec1faffce01c882bdcdcb854b98b601c83a1c412bae8e5ee411556f0e2f88c1c5c	common_voice_hy-AM_26499390.mp3	Այնուամենայնիվ, պատերազմի շնորհիվ դաշնակիցներն ստացան քաղաքացիության իրավունք։	2	0	twenties	male		hy-AM	
93fa435db2b9e077af647c9f846d8b6031bcb1f6cd731e894a835e70a0ab4aec1faffce01c882bdcdcb854b98b601c83a1c412bae8e5ee411556f0e2f88c1c5c	common_voice_hy-AM_26499398.mp3	Դասն ու հարավային կողմնային նավը ավարտվում են կիսաշրջանաձև ապսիդով։	2	0	twenties	male		hy-AM	
93fa435db2b9e077af647c9f846d8b6031bcb1f6cd731e894a835e70a0ab4aec1faffce01c882bdcdcb854b98b601c83a1c412bae8e5ee411556f0e2f88c1c5c	common_voice_hy-AM_26499400.mp3	Իրանը հետզհետե դուրս է մղվում միջազգային առևտրից։	2	0	twenties	male		hy-AM	
93fa435db2b9e077af647c9f846d8b6031bcb1f6cd731e894a835e70a0ab4aec1faffce01c882bdcdcb854b98b601c83a1c412bae8e5ee411556f0e2f88c1c5c	common_voice_hy-AM_26499401.mp3	Տարիներէ ի վեր կը տառապի մեծ առողջապահական հարցերէ։	2	0	twenties	male		hy-AM	
93fa435db2b9e077af647c9f846d8b6031bcb1f6cd731e894a835e70a0ab4aec1faffce01c882bdcdcb854b98b601c83a1c412bae8e5ee411556f0e2f88c1c5c	common_voice_hy-AM_26499402.mp3	Մուտքեր ուներ հարավային և արևմտյան ճակատներից։	2	0	twenties	male		hy-AM	
93fa435db2b9e077af647c9f846d8b6031bcb1f6cd731e894a835e70a0ab4aec1faffce01c882bdcdcb854b98b601c83a1c412bae8e5ee411556f0e2f88c1c5c	common_voice_hy-AM_26520607.mp3	Վանուտաուի կղզիների մեջ տարածքով զբաղեցնում հինգերորդ տեղը։	2	0	twenties	male		hy-AM	
93fa435db2b9e077af647c9f846d8b6031bcb1f6cd731e894a835e70a0ab4aec1faffce01c882bdcdcb854b98b601c83a1c412bae8e5ee411556f0e2f88c1c5c	common_voice_hy-AM_26520608.mp3	Ժամացույցն եզակի է իր տեսակի մեջ։	2	0	twenties	male		hy-AM	
93fa435db2b9e077af647c9f846d8b6031bcb1f6cd731e894a835e70a0ab4aec1faffce01c882bdcdcb854b98b601c83a1c412bae8e5ee411556f0e2f88c1c5c	common_voice_hy-AM_26520611.mp3	Բնակչության մեծ մասը քրիստոնյա է։	2	0	twenties	male		hy-AM	
93fa435db2b9e077af647c9f846d8b6031bcb1f6cd731e894a835e70a0ab4aec1faffce01c882bdcdcb854b98b601c83a1c412bae8e5ee411556f0e2f88c1c5c	common_voice_hy-AM_26520632.mp3	Սյուզին այդ ժամանակ մոդել էր։	2	0	twenties	male		hy-AM	
93fa435db2b9e077af647c9f846d8b6031bcb1f6cd731e894a835e70a0ab4aec1faffce01c882bdcdcb854b98b601c83a1c412bae8e5ee411556f0e2f88c1c5c	common_voice_hy-AM_26520633.mp3	Ընտանիքն ապրում էր լայն պայմաններում։	2	0	twenties	male		hy-AM	
93fa435db2b9e077af647c9f846d8b6031bcb1f6cd731e894a835e70a0ab4aec1faffce01c882bdcdcb854b98b601c83a1c412bae8e5ee411556f0e2f88c1c5c	common_voice_hy-AM_26520635.mp3	Հեղինակ է բազմաթիվ հանրային հուշարձանների և կիսանդրիների։	2	0	twenties	male		hy-AM	
93fa435db2b9e077af647c9f846d8b6031bcb1f6cd731e894a835e70a0ab4aec1faffce01c882bdcdcb854b98b601c83a1c412bae8e5ee411556f0e2f88c1c5c	common_voice_hy-AM_26520675.mp3	Տարածքները հանձնվել են վարձակալությամբ։	2	0	twenties	male		hy-AM	
93fa435db2b9e077af647c9f846d8b6031bcb1f6cd731e894a835e70a0ab4aec1faffce01c882bdcdcb854b98b601c83a1c412bae8e5ee411556f0e2f88c1c5c	common_voice_hy-AM_26520676.mp3	Սահարան աշխարհի ամենամեծ անապատն է ոչ բևեռային գոտում։	2	1	twenties	male		hy-AM	
93fa435db2b9e077af647c9f846d8b6031bcb1f6cd731e894a835e70a0ab4aec1faffce01c882bdcdcb854b98b601c83a1c412bae8e5ee411556f0e2f88c1c5c	common_voice_hy-AM_26520679.mp3	Ուդեյը հայտնի էր իր ցոփ, շվայտ, սանձարձակ կյանքով։	2	0	twenties	male		hy-AM	
93fa435db2b9e077af647c9f846d8b6031bcb1f6cd731e894a835e70a0ab4aec1faffce01c882bdcdcb854b98b601c83a1c412bae8e5ee411556f0e2f88c1c5c	common_voice_hy-AM_26520680.mp3	Բրիկուի մարմինը այդպես էլ չի գտնվել։	2	0	twenties	male		hy-AM	
93fa435db2b9e077af647c9f846d8b6031bcb1f6cd731e894a835e70a0ab4aec1faffce01c882bdcdcb854b98b601c83a1c412bae8e5ee411556f0e2f88c1c5c	common_voice_hy-AM_26520742.mp3	Հրաժարականի պաշտոնական պատճառները հոգնածությունն ու ընտանիքի հետ լինելու ցանկությունն էր։	2	0	twenties	male		hy-AM	
93fa435db2b9e077af647c9f846d8b6031bcb1f6cd731e894a835e70a0ab4aec1faffce01c882bdcdcb854b98b601c83a1c412bae8e5ee411556f0e2f88c1c5c	common_voice_hy-AM_26520744.mp3	Երկաթյա դիվիզիայի բոլոր զինվորները կրում էին գանգերի խորհրդանշաններով գլխարկներ։	2	0	twenties	male		hy-AM	
93fa435db2b9e077af647c9f846d8b6031bcb1f6cd731e894a835e70a0ab4aec1faffce01c882bdcdcb854b98b601c83a1c412bae8e5ee411556f0e2f88c1c5c	common_voice_hy-AM_26520746.mp3	Լ. Օրբելու աշխատանքները համաշխարհային ճանաչում ունեն։	2	0	twenties	male		hy-AM	
93fa435db2b9e077af647c9f846d8b6031bcb1f6cd731e894a835e70a0ab4aec1faffce01c882bdcdcb854b98b601c83a1c412bae8e5ee411556f0e2f88c1c5c	common_voice_hy-AM_26540296.mp3	Քաղաքացիական պատերազմի ժամանակ պանի որդին փրկվեց՝ իր հողերից բաժանելու համար։	2	0	twenties	male		hy-AM	
93fa435db2b9e077af647c9f846d8b6031bcb1f6cd731e894a835e70a0ab4aec1faffce01c882bdcdcb854b98b601c83a1c412bae8e5ee411556f0e2f88c1c5c	common_voice_hy-AM_26540298.mp3	Նա երրորդ և ամենափոքր երեխան է իր ընտանիքում։	2	0	twenties	male		hy-AM	
93fa435db2b9e077af647c9f846d8b6031bcb1f6cd731e894a835e70a0ab4aec1faffce01c882bdcdcb854b98b601c83a1c412bae8e5ee411556f0e2f88c1c5c	common_voice_hy-AM_26540300.mp3	Կինամը բնութագրում է նրանց որպես կայսրության վասալներ։	2	0	twenties	male		hy-AM	
93fa435db2b9e077af647c9f846d8b6031bcb1f6cd731e894a835e70a0ab4aec1faffce01c882bdcdcb854b98b601c83a1c412bae8e5ee411556f0e2f88c1c5c	common_voice_hy-AM_26540323.mp3	Աշուրբանիպալն ինքը մեծ կարևորություն էր տալիս գրադարանի կանոնակարգմանը։	2	0	twenties	male		hy-AM	
93fa435db2b9e077af647c9f846d8b6031bcb1f6cd731e894a835e70a0ab4aec1faffce01c882bdcdcb854b98b601c83a1c412bae8e5ee411556f0e2f88c1c5c	common_voice_hy-AM_26540324.mp3	Ամբողջ հուշահամալիրն ունի ծովային թեմատիկա։	2	0	twenties	male		hy-AM	
93fa435db2b9e077af647c9f846d8b6031bcb1f6cd731e894a835e70a0ab4aec1faffce01c882bdcdcb854b98b601c83a1c412bae8e5ee411556f0e2f88c1c5c	common_voice_hy-AM_26540325.mp3	Նա փորձում էր հասկանալ կինեմատոգրաֆիայի արտադրությունը և տարրերը։	2	0	twenties	male		hy-AM	
93fa435db2b9e077af647c9f846d8b6031bcb1f6cd731e894a835e70a0ab4aec1faffce01c882bdcdcb854b98b601c83a1c412bae8e5ee411556f0e2f88c1c5c	common_voice_hy-AM_26540326.mp3	Սերբերը և լեհերը նացիստական հանցագործությունների զոհերից մեկն են։	2	0	twenties	male		hy-AM	
93fa435db2b9e077af647c9f846d8b6031bcb1f6cd731e894a835e70a0ab4aec1faffce01c882bdcdcb854b98b601c83a1c412bae8e5ee411556f0e2f88c1c5c	common_voice_hy-AM_26540356.mp3	Գնունյաց նախարարական տանն է հանձնում հազարապետությունը։	2	1	twenties	male		hy-AM	
93fa435db2b9e077af647c9f846d8b6031bcb1f6cd731e894a835e70a0ab4aec1faffce01c882bdcdcb854b98b601c83a1c412bae8e5ee411556f0e2f88c1c5c	common_voice_hy-AM_26540358.mp3	Նկարում պատկերված են երեք հոգի։	2	0	twenties	male		hy-AM	
93fa435db2b9e077af647c9f846d8b6031bcb1f6cd731e894a835e70a0ab4aec1faffce01c882bdcdcb854b98b601c83a1c412bae8e5ee411556f0e2f88c1c5c	common_voice_hy-AM_26540410.mp3	Կը գործակցի բազմաթիւ թատերախումբերու հետ, կը շրջի քաղաքէ քաղաք։	2	0	twenties	male		hy-AM	
93fa435db2b9e077af647c9f846d8b6031bcb1f6cd731e894a835e70a0ab4aec1faffce01c882bdcdcb854b98b601c83a1c412bae8e5ee411556f0e2f88c1c5c	common_voice_hy-AM_26540416.mp3	Դրական մեծ արձագանք գտավ նրա լավ հաշվարկված մի քայլը։	2	0	twenties	male		hy-AM	
93fa435db2b9e077af647c9f846d8b6031bcb1f6cd731e894a835e70a0ab4aec1faffce01c882bdcdcb854b98b601c83a1c412bae8e5ee411556f0e2f88c1c5c	common_voice_hy-AM_26572875.mp3	Գործնական կիրառություն չունի։	2	0	twenties	male		hy-AM	
93fa435db2b9e077af647c9f846d8b6031bcb1f6cd731e894a835e70a0ab4aec1faffce01c882bdcdcb854b98b601c83a1c412bae8e5ee411556f0e2f88c1c5c	common_voice_hy-AM_26572876.mp3	Չնայած կնոջ բարձր սոցիալական վիճակին, նրան ձերբակալեցին։	2	0	twenties	male		hy-AM	
93fa435db2b9e077af647c9f846d8b6031bcb1f6cd731e894a835e70a0ab4aec1faffce01c882bdcdcb854b98b601c83a1c412bae8e5ee411556f0e2f88c1c5c	common_voice_hy-AM_26572877.mp3	Նրա առջևի ծայրը բութ է, իսկ հետևինը՝սուր։	2	1	twenties	male		hy-AM	
93fa435db2b9e077af647c9f846d8b6031bcb1f6cd731e894a835e70a0ab4aec1faffce01c882bdcdcb854b98b601c83a1c412bae8e5ee411556f0e2f88c1c5c	common_voice_hy-AM_26572879.mp3	Թեև փոքր մասշտաբներով այլ շրջանների համեմատ, քաղաքային ճնշումը շարունակվում է։	2	0	twenties	male		hy-AM	
93fa435db2b9e077af647c9f846d8b6031bcb1f6cd731e894a835e70a0ab4aec1faffce01c882bdcdcb854b98b601c83a1c412bae8e5ee411556f0e2f88c1c5c	common_voice_hy-AM_26572887.mp3	Այսպիսով, դաշտը նեղանում է մինչև վերջնական քվեարկությունը։	2	0	twenties	male		hy-AM	
93fa435db2b9e077af647c9f846d8b6031bcb1f6cd731e894a835e70a0ab4aec1faffce01c882bdcdcb854b98b601c83a1c412bae8e5ee411556f0e2f88c1c5c	common_voice_hy-AM_26572890.mp3	Իռլանդացի կաթոլիկների որդի։	2	0	twenties	male		hy-AM	
93fa435db2b9e077af647c9f846d8b6031bcb1f6cd731e894a835e70a0ab4aec1faffce01c882bdcdcb854b98b601c83a1c412bae8e5ee411556f0e2f88c1c5c	common_voice_hy-AM_26572899.mp3	Նրա ծնողները ամենահայտնի և շատ սիրելի հերոսներ են։	2	0	twenties	male		hy-AM	
93fa435db2b9e077af647c9f846d8b6031bcb1f6cd731e894a835e70a0ab4aec1faffce01c882bdcdcb854b98b601c83a1c412bae8e5ee411556f0e2f88c1c5c	common_voice_hy-AM_26572902.mp3	Էվգլենայի մարմնի առջևի ծայրում գտնվում է ցիտոպլազմայի նուրբ թելանման ելուստ՝մտրակ։	2	0	twenties	male		hy-AM	
93fa435db2b9e077af647c9f846d8b6031bcb1f6cd731e894a835e70a0ab4aec1faffce01c882bdcdcb854b98b601c83a1c412bae8e5ee411556f0e2f88c1c5c	common_voice_hy-AM_26572903.mp3	Բեղմնավորությունը ներքին Է։	2	0	twenties	male		hy-AM	
93fa435db2b9e077af647c9f846d8b6031bcb1f6cd731e894a835e70a0ab4aec1faffce01c882bdcdcb854b98b601c83a1c412bae8e5ee411556f0e2f88c1c5c	common_voice_hy-AM_26572904.mp3	Դաստիարակվել է հոր և նրա ծնողների կողմից։	2	0	twenties	male		hy-AM	
93fa435db2b9e077af647c9f846d8b6031bcb1f6cd731e894a835e70a0ab4aec1faffce01c882bdcdcb854b98b601c83a1c412bae8e5ee411556f0e2f88c1c5c	common_voice_hy-AM_26582760.mp3	Նրա նախաձեռնությամբ դպրոցներ են բացվել հայկական տարբեր բնակավայրերում։	2	0	twenties	male		hy-AM	
93fa435db2b9e077af647c9f846d8b6031bcb1f6cd731e894a835e70a0ab4aec1faffce01c882bdcdcb854b98b601c83a1c412bae8e5ee411556f0e2f88c1c5c	common_voice_hy-AM_26582762.mp3	Սերտ կապերով կապված է եղել հայ գրական շրջանների հետ։	2	0	twenties	male		hy-AM	
93fa435db2b9e077af647c9f846d8b6031bcb1f6cd731e894a835e70a0ab4aec1faffce01c882bdcdcb854b98b601c83a1c412bae8e5ee411556f0e2f88c1c5c	common_voice_hy-AM_26582768.mp3	Կողմերը նախաստորագրել են համաձայնագրի տեքստը։	2	0	twenties	male		hy-AM	
93fa435db2b9e077af647c9f846d8b6031bcb1f6cd731e894a835e70a0ab4aec1faffce01c882bdcdcb854b98b601c83a1c412bae8e5ee411556f0e2f88c1c5c	common_voice_hy-AM_26582771.mp3	Աշխատել է գործարանում։	2	0	twenties	male		hy-AM	
93fa435db2b9e077af647c9f846d8b6031bcb1f6cd731e894a835e70a0ab4aec1faffce01c882bdcdcb854b98b601c83a1c412bae8e5ee411556f0e2f88c1c5c	common_voice_hy-AM_26582772.mp3	Եկատերինան դարձավ աշխարհի ամենաերիտասարդ չեմպիոնը։	2	0	twenties	male		hy-AM	
93fa435db2b9e077af647c9f846d8b6031bcb1f6cd731e894a835e70a0ab4aec1faffce01c882bdcdcb854b98b601c83a1c412bae8e5ee411556f0e2f88c1c5c	common_voice_hy-AM_26582773.mp3	Շատ է տարածված։	2	0	twenties	male		hy-AM	
93fa435db2b9e077af647c9f846d8b6031bcb1f6cd731e894a835e70a0ab4aec1faffce01c882bdcdcb854b98b601c83a1c412bae8e5ee411556f0e2f88c1c5c	common_voice_hy-AM_26582775.mp3	Նա հաճախակի այցելել է նրա դասախոսություններին։	2	0	twenties	male		hy-AM	
93fa435db2b9e077af647c9f846d8b6031bcb1f6cd731e894a835e70a0ab4aec1faffce01c882bdcdcb854b98b601c83a1c412bae8e5ee411556f0e2f88c1c5c	common_voice_hy-AM_26582776.mp3	Հոնորիոսը ստիպված համաձայնվում է գնալ զիջումների։	2	0	twenties	male		hy-AM	
93fa435db2b9e077af647c9f846d8b6031bcb1f6cd731e894a835e70a0ab4aec1faffce01c882bdcdcb854b98b601c83a1c412bae8e5ee411556f0e2f88c1c5c	common_voice_hy-AM_26582789.mp3	Իբրեւ լեզուագէտ, զբաղած է քերականական հարցերով։	2	0	twenties	male		hy-AM	
93fa435db2b9e077af647c9f846d8b6031bcb1f6cd731e894a835e70a0ab4aec1faffce01c882bdcdcb854b98b601c83a1c412bae8e5ee411556f0e2f88c1c5c	common_voice_hy-AM_26582790.mp3	Արյունաուղեղային պատնեշն առկա է ուղեղի մեծ մասում, սակայն ոչ ամենուրեք։	2	0	twenties	male		hy-AM	
93fa435db2b9e077af647c9f846d8b6031bcb1f6cd731e894a835e70a0ab4aec1faffce01c882bdcdcb854b98b601c83a1c412bae8e5ee411556f0e2f88c1c5c	common_voice_hy-AM_26582791.mp3	Երբեմն, բարենպաստ պայմաններում, կլեյստոգամ բույսերում կարող է խաչաձև փոշոտում կատարվել։	2	0	twenties	male		hy-AM	
93fa435db2b9e077af647c9f846d8b6031bcb1f6cd731e894a835e70a0ab4aec1faffce01c882bdcdcb854b98b601c83a1c412bae8e5ee411556f0e2f88c1c5c	common_voice_hy-AM_26591422.mp3	Աշխատանքի գրման կոնկրետ թվականը հայտնի չէ։	2	0	twenties	male		hy-AM	
93fa435db2b9e077af647c9f846d8b6031bcb1f6cd731e894a835e70a0ab4aec1faffce01c882bdcdcb854b98b601c83a1c412bae8e5ee411556f0e2f88c1c5c	common_voice_hy-AM_26591423.mp3	Ուսանողական տարիներին աշխատել է ռադիոյում, խաղացել թատրոնում և հետաքրքրվել պարարվեստով։	2	0	twenties	male		hy-AM	
93fa435db2b9e077af647c9f846d8b6031bcb1f6cd731e894a835e70a0ab4aec1faffce01c882bdcdcb854b98b601c83a1c412bae8e5ee411556f0e2f88c1c5c	common_voice_hy-AM_26591424.mp3	Ռայխսֆյուրերը արդեն նրան տվել է համապատասխան հանձնարարություններ։	2	0	twenties	male		hy-AM	
93fa435db2b9e077af647c9f846d8b6031bcb1f6cd731e894a835e70a0ab4aec1faffce01c882bdcdcb854b98b601c83a1c412bae8e5ee411556f0e2f88c1c5c	common_voice_hy-AM_26591425.mp3	Մարմնի փոխադարձ խնամքը կարող է զուգակցվել յուրահատուկ ձայներով։	2	0	twenties	male		hy-AM	
93fa435db2b9e077af647c9f846d8b6031bcb1f6cd731e894a835e70a0ab4aec1faffce01c882bdcdcb854b98b601c83a1c412bae8e5ee411556f0e2f88c1c5c	common_voice_hy-AM_26591426.mp3	Էլբասանում ապրում էին թուրքեր, արաբներ, հայեր և հրեաներ։	2	0	twenties	male		hy-AM	
93fa435db2b9e077af647c9f846d8b6031bcb1f6cd731e894a835e70a0ab4aec1faffce01c882bdcdcb854b98b601c83a1c412bae8e5ee411556f0e2f88c1c5c	common_voice_hy-AM_26591731.mp3	Կուսակցությունների միջև պայքարը շարունակվեց նաև թագավորի ընտրվելուց հետո։	2	0	twenties	male		hy-AM	
93fa435db2b9e077af647c9f846d8b6031bcb1f6cd731e894a835e70a0ab4aec1faffce01c882bdcdcb854b98b601c83a1c412bae8e5ee411556f0e2f88c1c5c	common_voice_hy-AM_26591732.mp3	Նրանց ամուսնությունը տևեց կարճ։	2	0	twenties	male		hy-AM	
93fa435db2b9e077af647c9f846d8b6031bcb1f6cd731e894a835e70a0ab4aec1faffce01c882bdcdcb854b98b601c83a1c412bae8e5ee411556f0e2f88c1c5c	common_voice_hy-AM_26591733.mp3	Անոր գերեզմանը երկար ժամանակ ուխտատեղի եղած է շրջակայ հայ բնակչութեան համար։	2	0	twenties	male		hy-AM	
93fa435db2b9e077af647c9f846d8b6031bcb1f6cd731e894a835e70a0ab4aec1faffce01c882bdcdcb854b98b601c83a1c412bae8e5ee411556f0e2f88c1c5c	common_voice_hy-AM_26591736.mp3	Կինը շատ զարմացավ, բայց կարեց այն։	2	0	twenties	male		hy-AM	
93fa435db2b9e077af647c9f846d8b6031bcb1f6cd731e894a835e70a0ab4aec1faffce01c882bdcdcb854b98b601c83a1c412bae8e5ee411556f0e2f88c1c5c	common_voice_hy-AM_26591737.mp3	Երբեմն, հակադրություն ստեղծելու նպատակով, հատվածաբար օգտագործվում է նաև բազմաձայն ստեղծագործության մեջ։	2	0	twenties	male		hy-AM	
93fa435db2b9e077af647c9f846d8b6031bcb1f6cd731e894a835e70a0ab4aec1faffce01c882bdcdcb854b98b601c83a1c412bae8e5ee411556f0e2f88c1c5c	common_voice_hy-AM_26591738.mp3	Այս բացահայտմանը հաջորդեցին մի ամբողջ շարք բացահայտումներ՝ արված աշխարհի տարբեր երկրներում։	2	0	twenties	male		hy-AM	
93fa435db2b9e077af647c9f846d8b6031bcb1f6cd731e894a835e70a0ab4aec1faffce01c882bdcdcb854b98b601c83a1c412bae8e5ee411556f0e2f88c1c5c	common_voice_hy-AM_26591740.mp3	Բաժակաթերթիկները սղոցաեզր են։	2	0	twenties	male		hy-AM	
93fa435db2b9e077af647c9f846d8b6031bcb1f6cd731e894a835e70a0ab4aec1faffce01c882bdcdcb854b98b601c83a1c412bae8e5ee411556f0e2f88c1c5c	common_voice_hy-AM_26600883.mp3	Բերանի եզրերը հաստացած են և առջևում են բերանային ծծանը։	2	0	twenties	male		hy-AM	
93fa435db2b9e077af647c9f846d8b6031bcb1f6cd731e894a835e70a0ab4aec1faffce01c882bdcdcb854b98b601c83a1c412bae8e5ee411556f0e2f88c1c5c	common_voice_hy-AM_26600884.mp3	Մոզրովը երկրաբանական հարուստ գոյացություններով խորը քարանձավ է։	2	0	twenties	male		hy-AM	
93fa435db2b9e077af647c9f846d8b6031bcb1f6cd731e894a835e70a0ab4aec1faffce01c882bdcdcb854b98b601c83a1c412bae8e5ee411556f0e2f88c1c5c	common_voice_hy-AM_26600886.mp3	Հերմայոնին ունի շագանակագույն աչքեր և մազեր։	2	0	twenties	male		hy-AM	
93fa435db2b9e077af647c9f846d8b6031bcb1f6cd731e894a835e70a0ab4aec1faffce01c882bdcdcb854b98b601c83a1c412bae8e5ee411556f0e2f88c1c5c	common_voice_hy-AM_26600887.mp3	Գազզարան միաժամանակ հանդես էր գալիս նաև թատրոնում։	2	0	twenties	male		hy-AM	
93fa435db2b9e077af647c9f846d8b6031bcb1f6cd731e894a835e70a0ab4aec1faffce01c882bdcdcb854b98b601c83a1c412bae8e5ee411556f0e2f88c1c5c	common_voice_hy-AM_26600896.mp3	Խորությունը չի գերազանցում մի քանի մետրը։	2	0	twenties	male		hy-AM	
93fa435db2b9e077af647c9f846d8b6031bcb1f6cd731e894a835e70a0ab4aec1faffce01c882bdcdcb854b98b601c83a1c412bae8e5ee411556f0e2f88c1c5c	common_voice_hy-AM_26600897.mp3	Տիրապետում է հայերեն, ռուսերեն, անգլերեն և ֆրանսերեն լեզուներին։	2	0	twenties	male		hy-AM	
93fa435db2b9e077af647c9f846d8b6031bcb1f6cd731e894a835e70a0ab4aec1faffce01c882bdcdcb854b98b601c83a1c412bae8e5ee411556f0e2f88c1c5c	common_voice_hy-AM_26600899.mp3	Փռշտոց կարող է առաջանալ նաև վարակիչ և վերին շնչուղիների հիվանդությունների ժամանակ։	2	0	twenties	male		hy-AM	
93fa435db2b9e077af647c9f846d8b6031bcb1f6cd731e894a835e70a0ab4aec1faffce01c882bdcdcb854b98b601c83a1c412bae8e5ee411556f0e2f88c1c5c	common_voice_hy-AM_26610433.mp3	Ի տարբերություն վրացիների, չվենեբուրին մուսուլմաններ են, ինչպես օրինակ, արյունակից լազերը։	2	0	twenties	male		hy-AM	
93fa435db2b9e077af647c9f846d8b6031bcb1f6cd731e894a835e70a0ab4aec1faffce01c882bdcdcb854b98b601c83a1c412bae8e5ee411556f0e2f88c1c5c	common_voice_hy-AM_26610434.mp3	Բանակցությունների ընթացքում հայոց թագուհին նաև հայտարարում է, որ դիմադրությունը չի դադարելու։	2	0	twenties	male		hy-AM	
93fa435db2b9e077af647c9f846d8b6031bcb1f6cd731e894a835e70a0ab4aec1faffce01c882bdcdcb854b98b601c83a1c412bae8e5ee411556f0e2f88c1c5c	common_voice_hy-AM_26610435.mp3	Ուներ հայկական եկեղեցի։	2	0	twenties	male		hy-AM	
93fa435db2b9e077af647c9f846d8b6031bcb1f6cd731e894a835e70a0ab4aec1faffce01c882bdcdcb854b98b601c83a1c412bae8e5ee411556f0e2f88c1c5c	common_voice_hy-AM_26610437.mp3	Կրակոցների արդյունքում հանցագործը ձերբակալվել է, իսկ նախկին ամուսինները վերականգնում են հարաբերությունները։	2	0	twenties	male		hy-AM	
93fa435db2b9e077af647c9f846d8b6031bcb1f6cd731e894a835e70a0ab4aec1faffce01c882bdcdcb854b98b601c83a1c412bae8e5ee411556f0e2f88c1c5c	common_voice_hy-AM_26610438.mp3	Օսլան թթվի առկայությամբ ջրի հետ տաքացնելիս ենթարկվում է հիդրոլիզի։	2	0	twenties	male		hy-AM	
93fa435db2b9e077af647c9f846d8b6031bcb1f6cd731e894a835e70a0ab4aec1faffce01c882bdcdcb854b98b601c83a1c412bae8e5ee411556f0e2f88c1c5c	common_voice_hy-AM_26610440.mp3	Մոր շնորհիվ նա տիրապետել է ֆրանսերենի։	2	0	twenties	male		hy-AM	
93fa435db2b9e077af647c9f846d8b6031bcb1f6cd731e894a835e70a0ab4aec1faffce01c882bdcdcb854b98b601c83a1c412bae8e5ee411556f0e2f88c1c5c	common_voice_hy-AM_26610442.mp3	«Անավարտ». հավատքը միայն սկիզբն է։	2	0	twenties	male		hy-AM	
93fa435db2b9e077af647c9f846d8b6031bcb1f6cd731e894a835e70a0ab4aec1faffce01c882bdcdcb854b98b601c83a1c412bae8e5ee411556f0e2f88c1c5c	common_voice_hy-AM_26610444.mp3	Ակումբի հետ կնքվել է պայմանագիր երեք տարով։	2	0	twenties	male		hy-AM	
93fa435db2b9e077af647c9f846d8b6031bcb1f6cd731e894a835e70a0ab4aec1faffce01c882bdcdcb854b98b601c83a1c412bae8e5ee411556f0e2f88c1c5c	common_voice_hy-AM_26610445.mp3	«Մանդելշտամի հանրագիտարանի» գլխավոր խմբագիրն էր։	2	0	twenties	male		hy-AM	
93fa435db2b9e077af647c9f846d8b6031bcb1f6cd731e894a835e70a0ab4aec1faffce01c882bdcdcb854b98b601c83a1c412bae8e5ee411556f0e2f88c1c5c	common_voice_hy-AM_26610451.mp3	Կարող է դիտարկվել նաև որպես հռետորական հնարք։	2	0	twenties	male		hy-AM	
93fa435db2b9e077af647c9f846d8b6031bcb1f6cd731e894a835e70a0ab4aec1faffce01c882bdcdcb854b98b601c83a1c412bae8e5ee411556f0e2f88c1c5c	common_voice_hy-AM_26610452.mp3	Համարյա մեկ ամսվա ընթացքում պատանդներից տեղեկություն չի եղել։	2	0	twenties	male		hy-AM	
93fa435db2b9e077af647c9f846d8b6031bcb1f6cd731e894a835e70a0ab4aec1faffce01c882bdcdcb854b98b601c83a1c412bae8e5ee411556f0e2f88c1c5c	common_voice_hy-AM_26627904.mp3	Ըստ էության զինվորական վիրաբույժները համարվում են նաև հին աշխարհի վիրաբուժության հիմնադիրները։	2	0	twenties	male		hy-AM	
93fa435db2b9e077af647c9f846d8b6031bcb1f6cd731e894a835e70a0ab4aec1faffce01c882bdcdcb854b98b601c83a1c412bae8e5ee411556f0e2f88c1c5c	common_voice_hy-AM_26627907.mp3	Նրանք ունեցել են չորս որդի և երկու դուստր։	2	0	twenties	male		hy-AM	
93fa435db2b9e077af647c9f846d8b6031bcb1f6cd731e894a835e70a0ab4aec1faffce01c882bdcdcb854b98b601c83a1c412bae8e5ee411556f0e2f88c1c5c	common_voice_hy-AM_26627908.mp3	Բնորոշ է նաև հոգեկան ամբողջական գործունեության աղքատացումն ու անկումը։	2	0	twenties	male		hy-AM	
93fa435db2b9e077af647c9f846d8b6031bcb1f6cd731e894a835e70a0ab4aec1faffce01c882bdcdcb854b98b601c83a1c412bae8e5ee411556f0e2f88c1c5c	common_voice_hy-AM_26627910.mp3	Նա ուներ մոտ տասը երեխա, սակայն պարբերաբար այցելում էր իր աղջկան։	2	0	twenties	male		hy-AM	
93fa435db2b9e077af647c9f846d8b6031bcb1f6cd731e894a835e70a0ab4aec1faffce01c882bdcdcb854b98b601c83a1c412bae8e5ee411556f0e2f88c1c5c	common_voice_hy-AM_26627913.mp3	Շարք մը ֆիլմերու սենարներու համահեղինակն է։	2	1	twenties	male		hy-AM	
93fa435db2b9e077af647c9f846d8b6031bcb1f6cd731e894a835e70a0ab4aec1faffce01c882bdcdcb854b98b601c83a1c412bae8e5ee411556f0e2f88c1c5c	common_voice_hy-AM_26627914.mp3	Նա նաև ստացել է դոկտորական աստիճան՝ էլեկտրաշոկով բուժման նվիրված թեմայի շնորհիվ։	2	0	twenties	male		hy-AM	
93fa435db2b9e077af647c9f846d8b6031bcb1f6cd731e894a835e70a0ab4aec1faffce01c882bdcdcb854b98b601c83a1c412bae8e5ee411556f0e2f88c1c5c	common_voice_hy-AM_26627915.mp3	«Ֆեյենոորդ» ակումբի կիսապաշտպան։	2	1	twenties	male		hy-AM	
93fa435db2b9e077af647c9f846d8b6031bcb1f6cd731e894a835e70a0ab4aec1faffce01c882bdcdcb854b98b601c83a1c412bae8e5ee411556f0e2f88c1c5c	common_voice_hy-AM_26627916.mp3	Ուրախ մարդուկների ակումբի միակ աղջիկ անդամը։	2	0	twenties	male		hy-AM	
93fa435db2b9e077af647c9f846d8b6031bcb1f6cd731e894a835e70a0ab4aec1faffce01c882bdcdcb854b98b601c83a1c412bae8e5ee411556f0e2f88c1c5c	common_voice_hy-AM_26627917.mp3	Եկեղեցու պատուհաններ փակվեցին աղյուսից շարված պատով։	2	0	twenties	male		hy-AM	
93fa435db2b9e077af647c9f846d8b6031bcb1f6cd731e894a835e70a0ab4aec1faffce01c882bdcdcb854b98b601c83a1c412bae8e5ee411556f0e2f88c1c5c	common_voice_hy-AM_26627918.mp3	Իր կյանքի ընթացքում հասել է ճանաչման ու փառքի։	2	0	twenties	male		hy-AM	
93fa435db2b9e077af647c9f846d8b6031bcb1f6cd731e894a835e70a0ab4aec1faffce01c882bdcdcb854b98b601c83a1c412bae8e5ee411556f0e2f88c1c5c	common_voice_hy-AM_26627919.mp3	Դրա պատճառները բազմաթիվ են։	2	0	twenties	male		hy-AM	
93fa435db2b9e077af647c9f846d8b6031bcb1f6cd731e894a835e70a0ab4aec1faffce01c882bdcdcb854b98b601c83a1c412bae8e5ee411556f0e2f88c1c5c	common_voice_hy-AM_26627922.mp3	Գոյություն ունեն տարբեր բացատրություններ, թե ինչու են մարդիկ ընկնում ֆրենդզոնայի մեջ։	2	0	twenties	male		hy-AM	
93fa435db2b9e077af647c9f846d8b6031bcb1f6cd731e894a835e70a0ab4aec1faffce01c882bdcdcb854b98b601c83a1c412bae8e5ee411556f0e2f88c1c5c	common_voice_hy-AM_26627923.mp3	Մրցաշրջանի երկրորդ կեսին նրան տեղափոխել են երիտասարդական թիմ։	2	0	twenties	male		hy-AM	
93fa435db2b9e077af647c9f846d8b6031bcb1f6cd731e894a835e70a0ab4aec1faffce01c882bdcdcb854b98b601c83a1c412bae8e5ee411556f0e2f88c1c5c	common_voice_hy-AM_26656427.mp3	Նախքան մեծ քաղաքականություն մտնելն անգլերեն լեզվի ուսուցիչ էր։	2	0	twenties	male		hy-AM	
93fa435db2b9e077af647c9f846d8b6031bcb1f6cd731e894a835e70a0ab4aec1faffce01c882bdcdcb854b98b601c83a1c412bae8e5ee411556f0e2f88c1c5c	common_voice_hy-AM_26656428.mp3	Հիմնականում բուդդիստներ են, կան նաև քրիստոնյաներ։	2	0	twenties	male		hy-AM	
93fa435db2b9e077af647c9f846d8b6031bcb1f6cd731e894a835e70a0ab4aec1faffce01c882bdcdcb854b98b601c83a1c412bae8e5ee411556f0e2f88c1c5c	common_voice_hy-AM_26656429.mp3	Չի պահպանվել ինքնագիրը։	2	0	twenties	male		hy-AM	
93fa435db2b9e077af647c9f846d8b6031bcb1f6cd731e894a835e70a0ab4aec1faffce01c882bdcdcb854b98b601c83a1c412bae8e5ee411556f0e2f88c1c5c	common_voice_hy-AM_26656430.mp3	Առանձնահատուկ կարևոր տեղ է զբաղեցնում ժամանակակից չինական դրամատուրգիայում։	2	0	twenties	male		hy-AM	
93fa435db2b9e077af647c9f846d8b6031bcb1f6cd731e894a835e70a0ab4aec1faffce01c882bdcdcb854b98b601c83a1c412bae8e5ee411556f0e2f88c1c5c	common_voice_hy-AM_26656442.mp3	Չթե հարսանիքի խորհրդանիշը երկակի խորհուրդ ունի։	2	0	twenties	male		hy-AM	
93fa435db2b9e077af647c9f846d8b6031bcb1f6cd731e894a835e70a0ab4aec1faffce01c882bdcdcb854b98b601c83a1c412bae8e5ee411556f0e2f88c1c5c	common_voice_hy-AM_26656443.mp3	Այստեղ էլ՝ երկի սեղմ, համառոտ և ճշմարտապատում բնույթը։	2	0	twenties	male		hy-AM	
93fa435db2b9e077af647c9f846d8b6031bcb1f6cd731e894a835e70a0ab4aec1faffce01c882bdcdcb854b98b601c83a1c412bae8e5ee411556f0e2f88c1c5c	common_voice_hy-AM_26656452.mp3	Սա երկրաշարժը ավերեցաւ գրեթէ բոլոր պատմական շինութիւնները։	2	0	twenties	male		hy-AM	
93fa435db2b9e077af647c9f846d8b6031bcb1f6cd731e894a835e70a0ab4aec1faffce01c882bdcdcb854b98b601c83a1c412bae8e5ee411556f0e2f88c1c5c	common_voice_hy-AM_26656455.mp3	Նա լավ հարաբերությունների մեջ էր իր մոր հետ մինչև նրա մահը։	2	0	twenties	male		hy-AM	
93fa435db2b9e077af647c9f846d8b6031bcb1f6cd731e894a835e70a0ab4aec1faffce01c882bdcdcb854b98b601c83a1c412bae8e5ee411556f0e2f88c1c5c	common_voice_hy-AM_26656473.mp3	Ակտիվ աշխատել է մանկական և դեռահասական գրականության ոլորտում։	2	0	twenties	male		hy-AM	
93fa435db2b9e077af647c9f846d8b6031bcb1f6cd731e894a835e70a0ab4aec1faffce01c882bdcdcb854b98b601c83a1c412bae8e5ee411556f0e2f88c1c5c	common_voice_hy-AM_26656490.mp3	Եւրոպական երկրներուն մէջ երկուշաբթին կը համարուի աշխատանքային շաբթուան առաջին օրը։	2	0	twenties	male		hy-AM	
93fa435db2b9e077af647c9f846d8b6031bcb1f6cd731e894a835e70a0ab4aec1faffce01c882bdcdcb854b98b601c83a1c412bae8e5ee411556f0e2f88c1c5c	common_voice_hy-AM_26656493.mp3	Գրված է միասյուն, շեղագիրով։	2	0	twenties	male		hy-AM	
93fa435db2b9e077af647c9f846d8b6031bcb1f6cd731e894a835e70a0ab4aec1faffce01c882bdcdcb854b98b601c83a1c412bae8e5ee411556f0e2f88c1c5c	common_voice_hy-AM_26664513.mp3	Ըստ ծագման բարձունքները լինում են տեկտոնական, հրաբխային, մնացորդային։	2	0	twenties	male		hy-AM	
93fa435db2b9e077af647c9f846d8b6031bcb1f6cd731e894a835e70a0ab4aec1faffce01c882bdcdcb854b98b601c83a1c412bae8e5ee411556f0e2f88c1c5c	common_voice_hy-AM_26664514.mp3	Քաղաքական պատերազմում օգտագործված մեթոդները կախված են պետության քաղաքական տեսլականից և կազմից։	2	0	twenties	male		hy-AM	
93fa435db2b9e077af647c9f846d8b6031bcb1f6cd731e894a835e70a0ab4aec1faffce01c882bdcdcb854b98b601c83a1c412bae8e5ee411556f0e2f88c1c5c	common_voice_hy-AM_26664516.mp3	Կարելի է տեսնել, որ լուծումը կատարվել է տարբեր չափերով։	2	0	twenties	male		hy-AM	
93fa435db2b9e077af647c9f846d8b6031bcb1f6cd731e894a835e70a0ab4aec1faffce01c882bdcdcb854b98b601c83a1c412bae8e5ee411556f0e2f88c1c5c	common_voice_hy-AM_26664523.mp3	Նա մահը գերադասում էր այլադավի հարճը լինելու վիճակից։	2	0	twenties	male		hy-AM	
93fa435db2b9e077af647c9f846d8b6031bcb1f6cd731e894a835e70a0ab4aec1faffce01c882bdcdcb854b98b601c83a1c412bae8e5ee411556f0e2f88c1c5c	common_voice_hy-AM_26664525.mp3	Տնակը սովորաբար կազմված է մի քանի շերտերից (չորս «պատից» ու տանիքից)։	2	0	twenties	male		hy-AM	
93fa435db2b9e077af647c9f846d8b6031bcb1f6cd731e894a835e70a0ab4aec1faffce01c882bdcdcb854b98b601c83a1c412bae8e5ee411556f0e2f88c1c5c	common_voice_hy-AM_26664526.mp3	Կիրառվում են ախտահանման քիմիական և ջերմային եղանակներ։	2	0	twenties	male		hy-AM	
93fa435db2b9e077af647c9f846d8b6031bcb1f6cd731e894a835e70a0ab4aec1faffce01c882bdcdcb854b98b601c83a1c412bae8e5ee411556f0e2f88c1c5c	common_voice_hy-AM_26664532.mp3	Յուրահատուկ է լայնատերև ծառերի տեսակներով։	2	0	twenties	male		hy-AM	
93fa435db2b9e077af647c9f846d8b6031bcb1f6cd731e894a835e70a0ab4aec1faffce01c882bdcdcb854b98b601c83a1c412bae8e5ee411556f0e2f88c1c5c	common_voice_hy-AM_26664533.mp3	Նրա գրքերը թարգմանվել են տասնյակ լեզուներով։	2	0	twenties	male		hy-AM	
93fa435db2b9e077af647c9f846d8b6031bcb1f6cd731e894a835e70a0ab4aec1faffce01c882bdcdcb854b98b601c83a1c412bae8e5ee411556f0e2f88c1c5c	common_voice_hy-AM_26664535.mp3	Առևտուրը երկրի ներսում կոչվում է ներքին, այլ երկրների հետ կատարվողը՝ արտաքին։	2	0	twenties	male		hy-AM	
93fa435db2b9e077af647c9f846d8b6031bcb1f6cd731e894a835e70a0ab4aec1faffce01c882bdcdcb854b98b601c83a1c412bae8e5ee411556f0e2f88c1c5c	common_voice_hy-AM_26664536.mp3	Արդ,նկատուած է,որ ջղային հիւսուածքին հաղորդականութիւնը քունի մէջ շատ կը նուազի։	2	0	twenties	male		hy-AM	
93fa435db2b9e077af647c9f846d8b6031bcb1f6cd731e894a835e70a0ab4aec1faffce01c882bdcdcb854b98b601c83a1c412bae8e5ee411556f0e2f88c1c5c	common_voice_hy-AM_26674181.mp3	Ծոցին ռազմագիտական իտէալական դիրքը առիթ տուած է շրջակայքը բնակող ժողովուրդներու զարգացման։	2	0	twenties	male		hy-AM	
93fa435db2b9e077af647c9f846d8b6031bcb1f6cd731e894a835e70a0ab4aec1faffce01c882bdcdcb854b98b601c83a1c412bae8e5ee411556f0e2f88c1c5c	common_voice_hy-AM_26674182.mp3	Այդ ժամանակ նա դեր չստացավ։	2	0	twenties	male		hy-AM	
93fa435db2b9e077af647c9f846d8b6031bcb1f6cd731e894a835e70a0ab4aec1faffce01c882bdcdcb854b98b601c83a1c412bae8e5ee411556f0e2f88c1c5c	common_voice_hy-AM_26674184.mp3	Տաքարյուն կենդանիների օրգանիզմի մակարդակում պահպանվում է մարմնի հաստատուն ջերմաստիճան։	2	0	twenties	male		hy-AM	
93fa435db2b9e077af647c9f846d8b6031bcb1f6cd731e894a835e70a0ab4aec1faffce01c882bdcdcb854b98b601c83a1c412bae8e5ee411556f0e2f88c1c5c	common_voice_hy-AM_26674185.mp3	Ղեկավարում է նախագահը, որը հաստատվում է խորհրդարանի նախագահի կողմից։	2	0	twenties	male		hy-AM	
93fa435db2b9e077af647c9f846d8b6031bcb1f6cd731e894a835e70a0ab4aec1faffce01c882bdcdcb854b98b601c83a1c412bae8e5ee411556f0e2f88c1c5c	common_voice_hy-AM_26674187.mp3	Ստարցևի հաջորդ այցը այս հյուրընկալ տուն տեղի է ունենում ամիսներ հետո։	2	0	twenties	male		hy-AM	
93fa435db2b9e077af647c9f846d8b6031bcb1f6cd731e894a835e70a0ab4aec1faffce01c882bdcdcb854b98b601c83a1c412bae8e5ee411556f0e2f88c1c5c	common_voice_hy-AM_26674188.mp3	Վատ է ազդում նյարդային համակարգի վրա։	2	0	twenties	male		hy-AM	
93fa435db2b9e077af647c9f846d8b6031bcb1f6cd731e894a835e70a0ab4aec1faffce01c882bdcdcb854b98b601c83a1c412bae8e5ee411556f0e2f88c1c5c	common_voice_hy-AM_26674189.mp3	Նախանձի և կատաղության մարմնավորում է։	2	0	twenties	male		hy-AM	
93fa435db2b9e077af647c9f846d8b6031bcb1f6cd731e894a835e70a0ab4aec1faffce01c882bdcdcb854b98b601c83a1c412bae8e5ee411556f0e2f88c1c5c	common_voice_hy-AM_26674190.mp3	Նստակեաց է, քիչ տարածուած։	2	0	twenties	male		hy-AM	
93fa435db2b9e077af647c9f846d8b6031bcb1f6cd731e894a835e70a0ab4aec1faffce01c882bdcdcb854b98b601c83a1c412bae8e5ee411556f0e2f88c1c5c	common_voice_hy-AM_26674191.mp3	«Երեկոյան զանգահարություն» ստեղծագործությունում պատկերված վանական համալիրը գտնվում է գետագալարի մոտ։	2	0	twenties	male		hy-AM	
93fa435db2b9e077af647c9f846d8b6031bcb1f6cd731e894a835e70a0ab4aec1faffce01c882bdcdcb854b98b601c83a1c412bae8e5ee411556f0e2f88c1c5c	common_voice_hy-AM_26674192.mp3	Խեթագուրովը նաև օս առաջին նկարիչներից է։	2	0	twenties	male		hy-AM	
93fa435db2b9e077af647c9f846d8b6031bcb1f6cd731e894a835e70a0ab4aec1faffce01c882bdcdcb854b98b601c83a1c412bae8e5ee411556f0e2f88c1c5c	common_voice_hy-AM_26674195.mp3	Հացով ապուրի բազմաթիվ տեսակներ կան։	2	0	twenties	male		hy-AM	
93fa435db2b9e077af647c9f846d8b6031bcb1f6cd731e894a835e70a0ab4aec1faffce01c882bdcdcb854b98b601c83a1c412bae8e5ee411556f0e2f88c1c5c	common_voice_hy-AM_26674197.mp3	Գերեզմանատանը ազատ տեղ չկա, բացառությամբ ընտանեկան մի քանի դամբարաններից։	2	0	twenties	male		hy-AM	
93fa435db2b9e077af647c9f846d8b6031bcb1f6cd731e894a835e70a0ab4aec1faffce01c882bdcdcb854b98b601c83a1c412bae8e5ee411556f0e2f88c1c5c	common_voice_hy-AM_26674198.mp3	Բնադրում է գետնին, թփերի տակ, բարձր խոտերում։	2	0	twenties	male		hy-AM	
93fa435db2b9e077af647c9f846d8b6031bcb1f6cd731e894a835e70a0ab4aec1faffce01c882bdcdcb854b98b601c83a1c412bae8e5ee411556f0e2f88c1c5c	common_voice_hy-AM_26674199.mp3	Շիրակ պատմական գավառի տարածքը բնակեցվել է դեռևս վաղ քարի դարի ժամանակաշրջանում։	2	0	twenties	male		hy-AM	
93fa435db2b9e077af647c9f846d8b6031bcb1f6cd731e894a835e70a0ab4aec1faffce01c882bdcdcb854b98b601c83a1c412bae8e5ee411556f0e2f88c1c5c	common_voice_hy-AM_26761242.mp3	Հայրը ֆրանսիացի հրեա էր։	2	0	twenties	male		hy-AM	
93fa435db2b9e077af647c9f846d8b6031bcb1f6cd731e894a835e70a0ab4aec1faffce01c882bdcdcb854b98b601c83a1c412bae8e5ee411556f0e2f88c1c5c	common_voice_hy-AM_26761243.mp3	Նա տարբեր հունգարական քաղաքներում էր աշխատում։	2	0	twenties	male		hy-AM	
93fa435db2b9e077af647c9f846d8b6031bcb1f6cd731e894a835e70a0ab4aec1faffce01c882bdcdcb854b98b601c83a1c412bae8e5ee411556f0e2f88c1c5c	common_voice_hy-AM_26761252.mp3	Ակտուալ անվերջության նմանօրինակ օգտագործումը առաջացրեց բազմությունների տեսության պարադոքսներ։	2	0	twenties	male		hy-AM	
93fa435db2b9e077af647c9f846d8b6031bcb1f6cd731e894a835e70a0ab4aec1faffce01c882bdcdcb854b98b601c83a1c412bae8e5ee411556f0e2f88c1c5c	common_voice_hy-AM_26761254.mp3	Ակնահերպեսով հիվանդների մոտ հայտնաբերել է ակնագնդի հյուսվածքներում առաջացող ռեակցիայի երևույթը։	2	0	twenties	male		hy-AM	
93fa435db2b9e077af647c9f846d8b6031bcb1f6cd731e894a835e70a0ab4aec1faffce01c882bdcdcb854b98b601c83a1c412bae8e5ee411556f0e2f88c1c5c	common_voice_hy-AM_26761255.mp3	Շուտով՝ իրենց վերադարձից հետո, ցեղը իր վերջին օրերն էր ապրում։	2	0	twenties	male		hy-AM	
93fa435db2b9e077af647c9f846d8b6031bcb1f6cd731e894a835e70a0ab4aec1faffce01c882bdcdcb854b98b601c83a1c412bae8e5ee411556f0e2f88c1c5c	common_voice_hy-AM_26761256.mp3	Շքանշանների էսկիզները չեն պահպանվել։	2	0	twenties	male		hy-AM	
93fa435db2b9e077af647c9f846d8b6031bcb1f6cd731e894a835e70a0ab4aec1faffce01c882bdcdcb854b98b601c83a1c412bae8e5ee411556f0e2f88c1c5c	common_voice_hy-AM_26761262.mp3	Հանքավայրի հեռանկարները կապված են նրա խոր հորիզոնների և թևերի ուսումնասիրման հետ։	2	0	twenties	male		hy-AM	
93fa435db2b9e077af647c9f846d8b6031bcb1f6cd731e894a835e70a0ab4aec1faffce01c882bdcdcb854b98b601c83a1c412bae8e5ee411556f0e2f88c1c5c	common_voice_hy-AM_26761263.mp3	Կնոջ մարգարտե վզնոցը նկարված է սպիտակ փոքր փայլուն կետերով։	2	0	twenties	male		hy-AM	
93fa435db2b9e077af647c9f846d8b6031bcb1f6cd731e894a835e70a0ab4aec1faffce01c882bdcdcb854b98b601c83a1c412bae8e5ee411556f0e2f88c1c5c	common_voice_hy-AM_26761265.mp3	Այրարատ աշխարհը համարուեր է հայ ժողովուրդի քաղաքական, տնտեսական եւ մշակութային կեդրոններէն։	2	0	twenties	male		hy-AM	
93fa435db2b9e077af647c9f846d8b6031bcb1f6cd731e894a835e70a0ab4aec1faffce01c882bdcdcb854b98b601c83a1c412bae8e5ee411556f0e2f88c1c5c	common_voice_hy-AM_26761272.mp3	Լոյս ընծայած է պատմաբանասիրական, լեզուագիտական, աշխարհագրական եւ փիլիսոփայական բազմաթիւ գործեր։	2	0	twenties	male		hy-AM	
93fa435db2b9e077af647c9f846d8b6031bcb1f6cd731e894a835e70a0ab4aec1faffce01c882bdcdcb854b98b601c83a1c412bae8e5ee411556f0e2f88c1c5c	common_voice_hy-AM_26761274.mp3	Մամբաները վայելչակազմ են՝ երկար կոնաձև ագիով։	2	0	twenties	male		hy-AM	
93fa435db2b9e077af647c9f846d8b6031bcb1f6cd731e894a835e70a0ab4aec1faffce01c882bdcdcb854b98b601c83a1c412bae8e5ee411556f0e2f88c1c5c	common_voice_hy-AM_26761275.mp3	Էգերը մոխրագույն են։	2	0	twenties	male		hy-AM	
93fa435db2b9e077af647c9f846d8b6031bcb1f6cd731e894a835e70a0ab4aec1faffce01c882bdcdcb854b98b601c83a1c412bae8e5ee411556f0e2f88c1c5c	common_voice_hy-AM_26761276.mp3	Միանգամյա օգտագործման է, փակվող թևերով։	2	0	twenties	male		hy-AM	
93fa435db2b9e077af647c9f846d8b6031bcb1f6cd731e894a835e70a0ab4aec1faffce01c882bdcdcb854b98b601c83a1c412bae8e5ee411556f0e2f88c1c5c	common_voice_hy-AM_26865783.mp3	Դասական խաղացանկի լավագույն կատարողներից էր։	2	0	twenties	male		hy-AM	
93fa435db2b9e077af647c9f846d8b6031bcb1f6cd731e894a835e70a0ab4aec1faffce01c882bdcdcb854b98b601c83a1c412bae8e5ee411556f0e2f88c1c5c	common_voice_hy-AM_26865786.mp3	Նա հանդիսանում է գերմանական վաղ ռոմանտիզմի նշանավոր ներկայացուցիչներից մեկը։	2	0	twenties	male		hy-AM	
93fa435db2b9e077af647c9f846d8b6031bcb1f6cd731e894a835e70a0ab4aec1faffce01c882bdcdcb854b98b601c83a1c412bae8e5ee411556f0e2f88c1c5c	common_voice_hy-AM_26865787.mp3	Թիմային կարգում դարձել է օլիմպիական չեմպիոն։	2	0	twenties	male		hy-AM	
93fa435db2b9e077af647c9f846d8b6031bcb1f6cd731e894a835e70a0ab4aec1faffce01c882bdcdcb854b98b601c83a1c412bae8e5ee411556f0e2f88c1c5c	common_voice_hy-AM_26865789.mp3	Հատակին շատ ավելի հեշտ է։	2	0	twenties	male		hy-AM	
93fa435db2b9e077af647c9f846d8b6031bcb1f6cd731e894a835e70a0ab4aec1faffce01c882bdcdcb854b98b601c83a1c412bae8e5ee411556f0e2f88c1c5c	common_voice_hy-AM_26865790.mp3	Մենք մատնախոսում ենք այնպես, ինչպես գրում ենք։	2	0	twenties	male		hy-AM	
93fa435db2b9e077af647c9f846d8b6031bcb1f6cd731e894a835e70a0ab4aec1faffce01c882bdcdcb854b98b601c83a1c412bae8e5ee411556f0e2f88c1c5c	common_voice_hy-AM_26865792.mp3	Անգլոմանների թվին էին դասվում որոշ ազդեցիկ քաղաքական գործիչներ, դիվանագիտական կորպուսի ներկայացուցիչներ։	2	0	twenties	male		hy-AM	
93fa435db2b9e077af647c9f846d8b6031bcb1f6cd731e894a835e70a0ab4aec1faffce01c882bdcdcb854b98b601c83a1c412bae8e5ee411556f0e2f88c1c5c	common_voice_hy-AM_27002296.mp3	Սեմը շատ ինքնավստահ է, ու չի մտածում ռիսկի դիմելուց առաջ։	2	0	twenties	male		hy-AM	
93fa435db2b9e077af647c9f846d8b6031bcb1f6cd731e894a835e70a0ab4aec1faffce01c882bdcdcb854b98b601c83a1c412bae8e5ee411556f0e2f88c1c5c	common_voice_hy-AM_27002309.mp3	Ռեմիի մանկությունն անցնում է աղքատության և չքավորության մեջ։	2	0	twenties	male		hy-AM	
93fa435db2b9e077af647c9f846d8b6031bcb1f6cd731e894a835e70a0ab4aec1faffce01c882bdcdcb854b98b601c83a1c412bae8e5ee411556f0e2f88c1c5c	common_voice_hy-AM_27002379.mp3	Պատանի հասակին, ան մտած է կեանքի ազատ ասպարէզ եւ հետեւած՝ պղնձագործութեամբ։	2	0	twenties	male		hy-AM	
